SEASON_YEAR,TEAM_ID,TEAM_ABBREVIATION,TEAM_NAME,GAME_ID,GAME_DATE,MATCHUP,WL,MIN,FGM,FGA,FG_PCT,FG3M,FG3A,FG3_PCT,FTM,FTA,FT_PCT,OREB,DREB,REB,AST,TOV,STL,BLK,BLKA,PF,PFD,PTS,PLUS_MINUS,GP_RANK,W_RANK,L_RANK,W_PCT_RANK,MIN_RANK,FGM_RANK,FGA_RANK,FG_PCT_RANK,FG3M_RANK,FG3A_RANK,FG3_PCT_RANK,FTM_RANK,FTA_RANK,FT_PCT_RANK,OREB_RANK,DREB_RANK,REB_RANK,AST_RANK,TOV_RANK,STL_RANK,BLK_RANK,BLKA_RANK,PF_RANK,PFD_RANK,PTS_RANK,PLUS_MINUS_RANK,AVAILABLE_FLAG
2017-18,1610612739,CLE,Cleveland Cavaliers,0041700404,2018-06-08T00:00:00,CLE vs. GSW,L,48.0,30,87,0.345,8,27,0.296,17,25,0.68,17,27,44,21,11.0,5,5,13,22,24,85,-23.0,1,83,83,83,9,156,49,163,121,103,126,75,48,134,3,145,68,83,40,121,52,163,108,22,158,155,1
2017-18,1610612744,GSW,Golden State Warriors,0041700404,2018-06-08T00:00:00,GSW @ CLE,W,48.0,39,86,0.453,14,38,0.368,16,16,1.0,10,34,44,25,10.0,7,13,5,24,22,108,23.0,1,1,1,1,9,69,59,83,25,15,68,84,140,1,51,71,68,41,28,79,2,86,132,49,55,10,1
2017-18,1610612739,CLE,Cleveland Cavaliers,0041700403,2018-06-06T00:00:00,CLE vs. GSW,L,48.0,40,92,0.435,9,31,0.29,13,17,0.765,15,32,47,20,14.0,6,4,5,18,20,102,-8.0,1,83,83,83,9,57,20,104,98,65,128,121,133,86,15,95,39,94,87,102,80,86,29,84,88,104,1
2017-18,1610612744,GSW,Golden State Warriors,0041700403,2018-06-06T00:00:00,GSW @ CLE,W,48.0,42,81,0.519,9,26,0.346,17,19,0.895,6,31,37,27,11.0,6,5,4,20,18,110,8.0,1,1,1,1,9,33,103,22,98,113,87,75,112,17,122,106,129,22,40,102,52,56,70,119,50,53,1
2017-18,1610612739,CLE,Cleveland Cavaliers,0041700402,2018-06-03T00:00:00,CLE @ GSW,L,48.0,37,90,0.411,9,27,0.333,20,26,0.769,16,26,42,25,11.0,9,4,8,15,25,103,-19.0,1,83,83,83,9,90,32,130,98,103,93,43,41,80,9,157,84,41,40,37,80,143,5,17,80,145,1
2017-18,1610612744,GSW,Golden State Warriors,0041700402,2018-06-03T00:00:00,GSW vs. CLE,W,48.0,47,82,0.573,15,36,0.417,13,21,0.619,7,34,41,28,12.0,3,8,4,25,15,122,19.0,1,1,1,1,9,10,94,5,16,27,34,121,87,143,103,71,94,16,56,149,14,56,144,158,12,17,1
2017-18,1610612739,CLE,Cleveland Cavaliers,0041700401,2018-05-31T00:00:00,CLE @ GSW,L,53.0,44,99,0.444,10,37,0.27,16,22,0.727,19,34,53,18,12.0,5,3,6,18,18,114,-10.0,1,83,83,83,1,24,3,96,72,22,138,84,75,114,2,71,7,116,56,121,110,114,29,119,34,117,1
2017-18,1610612744,GSW,Golden State Warriors,0041700401,2018-05-31T00:00:00,GSW vs. CLE,W,53.0,46,90,0.511,13,36,0.361,19,20,0.95,4,34,38,31,8.0,10,6,3,18,18,124,10.0,1,1,1,1,1,12,32,31,30,27,75,56,96,4,153,71,122,9,12,21,38,22,29,119,9,43,1
2017-18,1610612745,HOU,Houston Rockets,0041700317,2018-05-28T00:00:00,HOU vs. GSW,L,48.0,36,90,0.4,7,44,0.159,13,22,0.591,17,27,44,17,12.0,13,3,7,17,22,92,-9.0,1,83,83,83,9,108,32,136,135,2,161,121,75,152,3,145,68,131,56,3,110,128,17,49,136,113,1
2017-18,1610612744,GSW,Golden State Warriors,0041700317,2018-05-28T00:00:00,GSW @ HOU,W,48.0,39,80,0.488,16,39,0.41,7,14,0.5,11,31,42,25,17.0,9,7,3,22,17,101,9.0,1,1,1,1,9,69,115,45,8,9,39,160,147,163,35,106,84,41,132,37,23,22,108,137,99,49,1
2017-18,1610612738,BOS,Boston Celtics,0041700307,2018-05-27T00:00:00,BOS vs. CLE,L,48.0,29,85,0.341,7,39,0.179,14,19,0.737,11,31,42,18,6.0,6,0,4,20,21,79,-8.0,1,83,83,83,9,161,66,164,135,9,160,114,112,108,35,106,84,116,3,102,162,56,70,58,164,104,1
2017-18,1610612739,CLE,Cleveland Cavaliers,0041700307,2018-05-27T00:00:00,CLE @ BOS,W,48.0,30,66,0.455,9,35,0.257,18,25,0.72,2,39,41,15,13.0,2,4,0,21,20,87,8.0,1,1,1,1,9,156,164,81,98,33,147,67,48,119,163,21,94,150,72,160,80,1,82,84,151,53,1
2017-18,1610612745,HOU,Houston Rockets,0041700316,2018-05-26T00:00:00,HOU @ GSW,L,48.0,31,77,0.403,15,39,0.385,9,17,0.529,7,31,38,13,21.0,8,2,10,16,17,86,-29.0,1,83,83,83,9,149,140,135,16,9,55,150,133,160,103,106,122,159,162,54,144,157,8,137,155,160,1
2017-18,1610612744,GSW,Golden State Warriors,0041700316,2018-05-26T00:00:00,GSW vs. HOU,W,48.0,43,87,0.494,16,38,0.421,13,19,0.684,13,34,47,26,12.0,11,10,2,17,16,115,29.0,1,1,1,1,9,28,49,40,8,15,32,121,112,130,23,71,39,28,56,9,6,9,17,149,32,5,1
2017-18,1610612738,BOS,Boston Celtics,0041700306,2018-05-25T00:00:00,BOS @ CLE,L,48.0,38,74,0.514,12,28,0.429,11,20,0.55,5,26,31,25,14.0,5,2,9,18,19,99,-10.0,1,83,83,83,9,79,152,25,44,89,27,140,96,158,139,157,162,41,87,121,144,152,29,96,111,117,1
2017-18,1610612739,CLE,Cleveland Cavaliers,0041700306,2018-05-25T00:00:00,CLE vs. BOS,W,48.0,41,87,0.471,9,23,0.391,18,22,0.818,15,29,44,16,11.0,8,9,2,19,18,109,10.0,1,1,1,1,9,41,49,62,98,139,53,67,75,45,15,132,68,141,40,54,9,9,47,119,54,43,1
2017-18,1610612744,GSW,Golden State Warriors,0041700315,2018-05-24T00:00:00,GSW @ HOU,L,48.0,32,72,0.444,10,26,0.385,20,23,0.87,4,37,41,18,18.0,7,1,3,21,19,94,-4.0,1,83,83,83,9,139,161,96,72,113,55,43,67,26,153,32,94,116,146,79,157,22,82,96,133,94,1
2017-18,1610612745,HOU,Houston Rockets,0041700315,2018-05-24T00:00:00,HOU vs. GSW,W,48.0,29,78,0.372,13,43,0.302,27,32,0.844,8,32,40,12,12.0,10,3,1,19,21,98,4.0,1,1,1,1,9,161,133,156,30,4,122,6,11,34,90,95,108,161,56,21,110,4,47,58,114,68,1
2017-18,1610612739,CLE,Cleveland Cavaliers,0041700305,2018-05-23T00:00:00,CLE @ BOS,L,48.0,31,74,0.419,9,34,0.265,12,19,0.632,3,36,39,17,15.0,3,7,6,19,19,83,-13.0,1,83,83,83,9,149,152,118,98,39,143,134,112,142,159,47,115,131,102,149,23,114,47,96,160,126,1
2017-18,1610612738,BOS,Boston Celtics,0041700305,2018-05-23T00:00:00,BOS vs. CLE,W,48.0,31,85,0.365,13,39,0.333,21,23,0.913,7,38,45,18,10.0,10,6,7,19,19,96,13.0,1,1,1,1,9,149,66,159,30,9,93,35,67,11,103,25,56,116,28,21,38,128,47,96,124,32,1
2017-18,1610612744,GSW,Golden State Warriors,0041700314,2018-05-22T00:00:00,GSW vs. HOU,L,48.0,35,89,0.393,9,27,0.333,13,14,0.929,16,33,49,14,16.0,6,3,9,24,19,92,-3.0,1,83,83,83,9,115,41,143,98,103,93,121,147,10,9,83,20,157,124,102,110,152,132,96,136,89,1
2017-18,1610612745,HOU,Houston Rockets,0041700314,2018-05-22T00:00:00,HOU @ GSW,W,48.0,30,77,0.39,12,38,0.316,23,27,0.852,8,33,41,12,13.0,7,9,3,19,24,95,3.0,1,1,1,1,9,156,140,147,44,15,110,23,32,29,90,83,94,161,72,79,9,22,47,22,129,72,1
2017-18,1610612738,BOS,Boston Celtics,0041700304,2018-05-21T00:00:00,BOS @ CLE,L,48.0,35,85,0.412,9,28,0.321,23,30,0.767,9,28,37,21,10.0,9,3,8,26,23,102,-9.0,1,83,83,83,9,115,66,127,98,89,106,23,18,84,69,141,129,83,28,37,110,143,149,34,88,113,1
2017-18,1610612739,CLE,Cleveland Cavaliers,0041700304,2018-05-21T00:00:00,CLE vs. BOS,W,48.0,41,81,0.506,8,23,0.348,21,29,0.724,9,38,47,15,19.0,6,8,3,23,26,111,9.0,1,1,1,1,9,41,103,35,121,139,85,35,25,117,69,25,39,150,154,102,14,22,117,13,48,49,1
2017-18,1610612744,GSW,Golden State Warriors,0041700313,2018-05-20T00:00:00,GSW vs. HOU,W,48.0,48,92,0.522,13,32,0.406,17,18,0.944,11,38,49,20,8.0,11,7,5,16,19,126,41.0,1,1,1,1,9,5,20,20,30,57,44,75,125,7,35,25,20,94,12,9,23,86,8,96,8,1,1
2017-18,1610612745,HOU,Houston Rockets,0041700313,2018-05-20T00:00:00,HOU @ GSW,L,48.0,32,81,0.395,11,34,0.324,10,13,0.769,10,31,41,19,20.0,3,5,7,19,16,85,-41.0,1,83,83,83,9,139,103,142,57,39,101,144,152,80,51,106,94,104,159,149,52,128,47,149,158,164,1
2017-18,1610612738,BOS,Boston Celtics,0041700303,2018-05-19T00:00:00,BOS @ CLE,L,48.0,29,74,0.392,6,22,0.273,22,28,0.786,6,28,34,16,15.0,4,4,3,25,23,86,-30.0,1,83,83,83,9,161,152,145,153,144,135,29,27,73,122,141,151,141,102,137,80,22,144,34,155,161,1
2017-18,1610612739,CLE,Cleveland Cavaliers,0041700303,2018-05-19T00:00:00,CLE vs. BOS,W,48.0,37,76,0.487,17,34,0.5,25,30,0.833,8,37,45,23,15.0,9,3,4,23,25,116,30.0,1,1,1,1,9,90,146,46,5,39,7,13,18,37,90,32,56,61,102,37,110,56,117,17,26,4,1
2017-18,1610612744,GSW,Golden State Warriors,0041700312,2018-05-16T00:00:00,GSW @ HOU,L,48.0,39,85,0.459,9,30,0.3,18,22,0.818,9,27,36,21,15.0,6,4,1,22,24,105,-22.0,1,83,83,83,9,69,66,73,98,76,123,67,75,45,69,145,140,83,102,102,80,4,108,22,70,153,1
2017-18,1610612745,HOU,Houston Rockets,0041700312,2018-05-16T00:00:00,HOU vs. GSW,W,48.0,45,88,0.511,16,42,0.381,21,27,0.778,10,37,47,23,14.0,8,1,4,24,22,127,22.0,1,1,1,1,9,16,43,29,8,6,59,35,32,74,51,32,39,61,87,54,157,56,132,49,7,11,1
2017-18,1610612738,BOS,Boston Celtics,0041700302,2018-05-15T00:00:00,BOS vs. CLE,W,48.0,40,92,0.435,10,31,0.323,17,20,0.85,11,35,46,24,6.0,8,2,5,18,21,107,13.0,1,1,1,1,9,57,20,104,72,65,102,75,96,30,35,61,47,51,3,54,144,86,29,58,62,32,1
2017-18,1610612739,CLE,Cleveland Cavaliers,0041700302,2018-05-15T00:00:00,CLE @ BOS,L,48.0,37,80,0.463,10,31,0.323,10,17,0.588,8,37,45,18,15.0,2,5,2,21,18,94,-13.0,1,83,83,83,9,90,115,71,72,65,102,144,133,155,90,32,56,116,102,160,52,9,82,119,133,126,1
2017-18,1610612744,GSW,Golden State Warriors,0041700311,2018-05-14T00:00:00,GSW @ HOU,W,48.0,42,80,0.525,13,33,0.394,22,25,0.88,3,34,37,24,9.0,9,4,3,17,23,119,13.0,1,1,1,1,9,33,115,18,30,48,47,29,48,25,159,71,129,51,16,37,80,22,17,34,19,32,1
2017-18,1610612745,HOU,Houston Rockets,0041700311,2018-05-14T00:00:00,HOU vs. GSW,L,48.0,39,85,0.459,13,37,0.351,15,21,0.714,7,35,42,18,16.0,5,3,4,23,17,106,-13.0,1,83,83,83,9,69,66,73,30,22,82,102,87,120,103,61,84,116,124,121,110,56,117,137,65,126,1
2017-18,1610612738,BOS,Boston Celtics,0041700301,2018-05-13T00:00:00,BOS vs. CLE,W,48.0,43,84,0.512,11,30,0.367,11,13,0.846,6,42,48,27,11.0,6,4,3,17,12,108,25.0,1,1,1,1,9,28,77,27,57,76,70,140,152,32,122,7,31,22,40,102,80,22,17,163,55,8,1
2017-18,1610612739,CLE,Cleveland Cavaliers,0041700301,2018-05-13T00:00:00,CLE @ BOS,L,48.0,31,86,0.36,4,26,0.154,17,20,0.85,9,31,40,18,10.0,4,3,4,12,17,83,-25.0,1,83,83,83,9,149,59,162,161,113,162,75,96,30,69,106,108,116,28,137,110,56,1,137,160,157,1
2017-18,1610612738,BOS,Boston Celtics,0041700215,2018-05-09T00:00:00,BOS vs. PHI,W,48.0,38,85,0.447,7,20,0.35,31,41,0.756,13,26,39,18,11.0,12,3,6,24,31,114,2.0,1,1,1,1,9,79,66,94,135,156,84,2,1,92,23,157,115,116,40,4,110,114,132,3,34,77,1
2017-18,1610612755,PHI,Philadelphia 76ers,0041700215,2018-05-09T00:00:00,PHI @ BOS,L,48.0,40,82,0.488,8,21,0.381,24,31,0.774,12,36,48,26,17.0,5,6,3,31,24,112,-2.0,1,83,83,83,9,57,94,43,121,152,59,17,14,78,32,47,31,28,132,121,38,22,161,22,44,84,1
2017-18,1610612745,HOU,Houston Rockets,0041700225,2018-05-08T00:00:00,HOU vs. UTA,W,48.0,40,83,0.482,18,39,0.462,14,17,0.824,6,34,40,21,10.0,10,8,5,18,18,112,10.0,1,1,1,1,9,57,87,52,1,9,18,114,133,42,122,71,108,83,28,21,14,86,29,119,44,43,1
2017-18,1610612740,NOP,New Orleans Pelicans,0041700235,2018-05-08T00:00:00,NOP @ GSW,L,48.0,41,88,0.466,10,24,0.417,12,16,0.75,4,40,44,26,14.0,7,4,2,12,18,104,-9.0,1,83,83,83,9,41,43,67,72,135,34,134,140,93,153,16,68,28,87,79,80,9,1,119,74,113,1
2017-18,1610612744,GSW,Golden State Warriors,0041700235,2018-05-08T00:00:00,GSW vs. NOP,W,48.0,48,99,0.485,7,27,0.259,10,12,0.833,11,41,52,35,13.0,10,2,4,18,12,113,9.0,1,1,1,1,9,5,3,47,135,103,146,144,156,37,35,11,10,3,72,21,144,56,29,163,37,49,1
2017-18,1610612762,UTA,Utah Jazz,0041700225,2018-05-08T00:00:00,UTA @ HOU,L,48.0,38,81,0.469,10,28,0.357,16,21,0.762,11,30,41,24,12.0,5,5,8,18,18,102,-10.0,1,83,83,83,9,79,103,65,72,89,79,84,87,87,35,122,94,51,56,121,52,143,29,119,88,117,1
2017-18,1610612761,TOR,Toronto Raptors,0041700204,2018-05-07T00:00:00,TOR @ CLE,L,48.0,36,79,0.456,4,15,0.267,17,23,0.739,9,23,32,19,13.0,3,5,5,24,21,93,-35.0,1,83,83,83,9,108,125,79,161,164,142,75,67,106,69,164,160,104,72,149,52,86,132,58,135,163,1
2017-18,1610612739,CLE,Cleveland Cavaliers,0041700204,2018-05-07T00:00:00,CLE vs. TOR,W,48.0,50,84,0.595,12,26,0.462,16,20,0.8,6,31,37,29,11.0,9,5,5,21,24,128,35.0,1,1,1,1,9,1,77,2,44,113,18,84,96,55,122,106,129,11,40,37,52,86,82,22,4,2,1
2017-18,1610612755,PHI,Philadelphia 76ers,0041700214,2018-05-07T00:00:00,PHI vs. BOS,W,48.0,38,94,0.404,7,26,0.269,20,26,0.769,16,37,53,24,10.0,6,3,10,23,28,103,11.0,1,1,1,1,9,79,15,134,135,113,141,43,41,80,9,32,7,51,28,102,110,157,117,6,80,40,1
2017-18,1610612738,BOS,Boston Celtics,0041700214,2018-05-07T00:00:00,BOS @ PHI,L,48.0,31,75,0.413,11,32,0.344,19,26,0.731,6,36,42,16,15.0,4,10,3,28,23,92,-11.0,1,83,83,83,9,149,148,125,57,57,91,56,41,113,122,47,84,141,102,137,6,22,156,34,136,123,1
2017-18,1610612740,NOP,New Orleans Pelicans,0041700234,2018-05-06T00:00:00,NOP vs. GSW,L,48.0,32,88,0.364,4,26,0.154,24,30,0.8,10,41,51,17,19.0,7,4,5,21,20,92,-26.0,1,83,83,83,9,139,43,161,161,113,162,17,18,55,51,11,13,131,154,79,80,86,82,84,136,158,1
2017-18,1610612745,HOU,Houston Rockets,0041700224,2018-05-06T00:00:00,HOU @ UTA,W,48.0,37,88,0.42,10,38,0.263,16,17,0.941,9,40,49,15,13.0,11,9,5,21,21,100,13.0,1,1,1,1,9,90,43,115,72,15,144,84,133,9,69,16,20,150,72,9,9,86,82,58,106,32,1
2017-18,1610612762,UTA,Utah Jazz,0041700224,2018-05-06T00:00:00,UTA vs. HOU,L,48.0,32,83,0.386,7,29,0.241,16,20,0.8,8,37,45,16,17.0,8,5,9,21,21,87,-13.0,1,83,83,83,9,139,87,150,135,83,150,84,96,55,90,32,56,141,132,54,52,152,82,58,151,126,1
2017-18,1610612744,GSW,Golden State Warriors,0041700234,2018-05-06T00:00:00,GSW @ NOP,W,48.0,46,95,0.484,11,33,0.333,15,18,0.833,5,40,45,28,11.0,11,5,4,20,21,118,26.0,1,1,1,1,9,12,11,48,57,48,93,102,125,37,139,16,56,16,40,9,52,56,70,58,24,7,1
2017-18,1610612739,CLE,Cleveland Cavaliers,0041700203,2018-05-05T00:00:00,CLE vs. TOR,W,48.0,38,79,0.481,9,25,0.36,20,25,0.8,6,30,36,18,12.0,7,4,11,19,28,105,2.0,1,1,1,1,9,79,125,54,98,129,76,43,48,55,122,122,140,116,56,79,80,160,47,6,70,77,1
2017-18,1610612761,TOR,Toronto Raptors,0041700203,2018-05-05T00:00:00,TOR @ CLE,L,48.0,35,75,0.467,13,33,0.394,20,25,0.8,12,29,41,14,17.0,5,11,4,28,19,103,-2.0,1,83,83,83,9,115,148,66,30,48,47,43,48,55,32,132,94,157,132,121,5,56,156,96,80,84,1
2017-18,1610612755,PHI,Philadelphia 76ers,0041700213,2018-05-05T00:00:00,PHI vs. BOS,L,53.0,38,97,0.392,9,30,0.3,13,18,0.722,13,37,50,23,15.0,8,5,7,14,20,98,-3.0,1,83,83,83,1,79,6,146,98,76,123,121,125,118,23,32,15,61,102,54,52,128,3,84,114,89,1
2017-18,1610612738,BOS,Boston Celtics,0041700213,2018-05-05T00:00:00,BOS @ PHI,W,53.0,41,91,0.451,10,38,0.263,9,14,0.643,9,40,49,19,13.0,9,7,5,20,14,101,3.0,1,1,1,1,1,41,26,89,72,15,144,150,147,140,69,16,20,104,72,37,23,86,70,161,99,72,1
2017-18,1610612745,HOU,Houston Rockets,0041700223,2018-05-04T00:00:00,HOU @ UTA,W,48.0,42,86,0.488,11,36,0.306,18,20,0.9,3,38,41,26,9.0,8,7,4,19,19,113,21.0,1,1,1,1,9,33,59,41,57,27,121,67,96,14,159,25,94,28,16,54,23,56,47,96,37,13,1
2017-18,1610612744,GSW,Golden State Warriors,0041700233,2018-05-04T00:00:00,GSW @ NOP,L,48.0,35,92,0.38,9,31,0.29,21,26,0.808,10,34,44,22,12.0,11,4,3,17,20,100,-19.0,1,83,83,83,9,115,20,152,98,65,128,35,41,52,51,71,68,70,56,9,80,22,17,84,106,145,1
2017-18,1610612762,UTA,Utah Jazz,0041700223,2018-05-04T00:00:00,UTA vs. HOU,L,48.0,35,84,0.417,11,29,0.379,11,15,0.733,5,38,43,17,16.0,3,4,7,19,19,92,-21.0,1,83,83,83,9,115,77,120,57,83,63,140,145,112,139,25,78,131,124,149,80,128,47,96,136,151,1
2017-18,1610612740,NOP,New Orleans Pelicans,0041700233,2018-05-04T00:00:00,NOP vs. GSW,W,48.0,48,96,0.5,14,31,0.452,9,12,0.75,10,44,54,36,15.0,7,3,4,20,17,119,19.0,1,1,1,1,9,5,7,37,25,65,23,150,156,93,51,2,5,1,102,79,110,56,70,137,19,17,1
2017-18,1610612739,CLE,Cleveland Cavaliers,0041700202,2018-05-03T00:00:00,CLE @ TOR,W,48.0,50,84,0.595,11,26,0.423,17,23,0.739,5,29,34,25,3.0,5,3,2,14,24,128,18.0,1,1,1,1,9,1,77,2,57,113,30,75,67,106,139,132,151,41,1,121,110,9,3,22,4,21,2
2017-18,1610612755,PHI,Philadelphia 76ers,0041700212,2018-05-03T00:00:00,PHI @ BOS,L,48.0,40,92,0.435,13,33,0.394,10,14,0.714,16,33,49,30,12.0,7,4,3,21,16,103,-5.0,1,83,83,83,9,57,20,104,30,48,47,144,147,120,9,83,20,10,56,79,80,22,82,149,80,98,2
2017-18,1610612761,TOR,Toronto Raptors,0041700202,2018-05-03T00:00:00,TOR vs. CLE,L,48.0,44,81,0.543,12,30,0.4,10,11,0.909,5,30,35,26,11.0,2,2,3,24,14,110,-18.0,1,83,83,83,9,24,103,9,44,76,45,144,160,12,139,122,146,28,40,160,144,22,132,161,50,142,2
2017-18,1610612738,BOS,Boston Celtics,0041700212,2018-05-03T00:00:00,BOS vs. PHI,W,48.0,37,82,0.451,15,36,0.417,19,24,0.792,5,36,41,23,9.0,7,3,4,16,21,108,5.0,1,1,1,1,9,90,94,85,16,27,34,56,60,67,139,47,94,61,16,79,110,56,8,58,55,64,2
2017-18,1610612745,HOU,Houston Rockets,0041700222,2018-05-02T00:00:00,HOU vs. UTA,L,48.0,38,95,0.4,10,37,0.27,22,27,0.815,11,38,49,22,8.0,11,7,5,21,24,108,-8.0,1,83,83,83,9,79,11,136,72,22,138,29,32,49,35,25,20,70,12,9,23,86,82,22,55,104,1
2017-18,1610612762,UTA,Utah Jazz,0041700222,2018-05-02T00:00:00,UTA @ HOU,W,48.0,43,83,0.518,15,32,0.469,15,25,0.6,5,43,48,26,17.0,4,5,7,24,21,116,8.0,1,1,1,1,9,28,87,23,16,57,17,102,48,149,139,5,31,28,132,137,52,128,132,58,26,53,1
2017-18,1610612740,NOP,New Orleans Pelicans,0041700232,2018-05-01T00:00:00,NOP @ GSW,L,48.0,48,105,0.457,13,37,0.351,7,9,0.778,10,36,46,33,14.0,12,5,8,19,18,116,-5.0,1,83,83,83,9,5,1,76,30,22,82,160,164,74,51,47,47,5,87,4,52,143,47,119,26,98,1
2017-18,1610612739,CLE,Cleveland Cavaliers,0041700201,2018-05-01T00:00:00,CLE @ TOR,W,53.0,42,102,0.412,14,35,0.4,15,21,0.714,13,32,45,25,6.0,5,5,6,23,22,113,1.0,1,1,1,1,1,33,2,127,25,33,45,102,87,120,23,95,56,41,3,121,52,114,117,49,37,82,1
2017-18,1610612744,GSW,Golden State Warriors,0041700232,2018-05-01T00:00:00,GSW vs. NOP,W,48.0,43,91,0.473,13,40,0.325,22,27,0.815,7,42,49,36,16.0,10,8,5,18,19,121,5.0,1,1,1,1,9,28,26,61,30,8,100,29,32,49,103,7,20,1,124,21,14,86,29,96,15,64,1
2017-18,1610612761,TOR,Toronto Raptors,0041700201,2018-05-01T00:00:00,TOR vs. CLE,L,53.0,39,91,0.429,9,28,0.321,25,31,0.806,15,35,50,26,14.0,2,6,5,22,23,112,-1.0,1,83,83,83,1,69,26,111,98,89,106,13,14,53,15,61,15,28,87,160,38,86,108,34,44,83,1
2017-18,1610612738,BOS,Boston Celtics,0041700211,2018-04-30T00:00:00,BOS vs. PHI,W,48.0,41,85,0.482,17,35,0.486,18,19,0.947,5,31,36,27,10.0,4,4,2,21,19,117,16.0,1,1,1,1,9,41,66,50,5,33,11,67,112,6,139,106,140,22,28,137,80,9,82,96,25,26,1
2017-18,1610612755,PHI,Philadelphia 76ers,0041700211,2018-04-30T00:00:00,PHI @ BOS,L,48.0,35,83,0.422,5,26,0.192,26,35,0.743,11,34,45,22,12.0,7,2,4,19,21,101,-16.0,1,83,83,83,9,115,87,114,156,113,156,10,6,104,35,71,56,70,56,79,144,56,47,58,99,137,1
2017-18,1610612739,CLE,Cleveland Cavaliers,0041700137,2018-04-29T00:00:00,CLE vs. IND,W,48.0,32,74,0.432,10,29,0.345,31,40,0.775,15,29,44,18,12.0,6,4,0,21,28,105,4.0,1,1,1,1,9,139,152,108,72,83,89,2,2,77,15,132,68,116,56,102,80,1,82,6,70,68,1
2017-18,1610612745,HOU,Houston Rockets,0041700221,2018-04-29T00:00:00,HOU vs. UTA,W,48.0,37,82,0.451,17,32,0.531,19,24,0.792,8,35,43,18,15.0,10,5,3,21,20,110,14.0,1,1,1,1,9,90,94,85,5,57,5,56,60,67,90,61,78,116,102,21,52,22,82,84,50,30,1
2017-18,1610612762,UTA,Utah Jazz,0041700221,2018-04-29T00:00:00,UTA @ HOU,L,48.0,38,76,0.5,7,22,0.318,13,22,0.591,6,31,37,20,18.0,11,3,5,20,21,96,-14.0,1,83,83,83,9,79,146,37,135,144,109,121,75,152,122,106,129,94,146,9,110,86,70,58,124,134,1
2017-18,1610612754,IND,Indiana Pacers,0041700137,2018-04-29T00:00:00,IND @ CLE,L,48.0,36,80,0.45,10,31,0.323,19,24,0.792,10,27,37,15,11.0,6,0,4,28,21,101,-4.0,1,83,83,83,9,108,115,92,72,65,102,56,60,67,51,145,129,150,40,102,162,56,156,58,99,94,1
2017-18,1610612738,BOS,Boston Celtics,0041700117,2018-04-28T00:00:00,BOS vs. MIL,W,48.0,45,84,0.536,9,26,0.346,13,21,0.619,11,31,42,28,15.0,9,4,3,23,20,112,16.0,1,1,1,1,9,16,77,11,98,113,87,121,87,143,35,106,84,16,102,37,80,22,117,84,44,26,1
2017-18,1610612744,GSW,Golden State Warriors,0041700231,2018-04-28T00:00:00,GSW vs. NOP,W,48.0,44,91,0.484,11,27,0.407,24,32,0.75,13,44,57,33,14.0,8,10,3,16,24,123,22.0,1,1,1,1,9,24,26,49,57,103,42,17,11,93,23,2,2,5,87,54,6,22,8,22,10,11,1
2017-18,1610612740,NOP,New Orleans Pelicans,0041700231,2018-04-28T00:00:00,NOP @ GSW,L,48.0,42,96,0.438,8,25,0.32,9,11,0.818,7,35,42,24,12.0,7,3,10,24,16,101,-22.0,1,83,83,83,9,33,7,101,121,129,108,150,160,45,103,61,84,51,56,79,110,157,132,149,99,153,1
2017-18,1610612749,MIL,Milwaukee Bucks,0041700117,2018-04-28T00:00:00,MIL @ BOS,L,48.0,35,74,0.473,9,27,0.333,17,18,0.944,4,28,32,21,16.0,4,3,4,20,23,96,-16.0,1,83,83,83,9,115,152,60,98,103,93,75,125,7,153,141,160,83,124,137,110,56,70,34,124,137,1
2017-18,1610612739,CLE,Cleveland Cavaliers,0041700136,2018-04-27T00:00:00,CLE @ IND,L,48.0,33,79,0.418,12,38,0.316,9,16,0.563,7,26,33,16,15.0,4,2,1,17,18,87,-34.0,1,83,83,83,9,135,125,119,44,15,110,150,140,157,103,157,157,141,102,137,144,4,17,119,151,162,1
2017-18,1610612754,IND,Indiana Pacers,0041700136,2018-04-27T00:00:00,IND vs. CLE,W,48.0,49,87,0.563,15,30,0.5,8,14,0.571,9,36,45,27,7.0,9,1,2,18,17,121,34.0,1,1,1,1,9,4,49,7,16,76,7,157,147,156,69,47,56,22,7,37,157,9,29,137,15,3,1
2017-18,1610612762,UTA,Utah Jazz,0041700176,2018-04-27T00:00:00,UTA vs. OKC,W,48.0,37,82,0.451,10,26,0.385,12,23,0.522,11,29,40,16,13.0,9,5,4,17,21,96,5.0,1,1,1,1,9,90,94,85,72,113,55,134,67,161,35,132,108,141,72,37,52,56,17,58,124,64,1
2017-18,1610612760,OKC,Oklahoma City Thunder,0041700176,2018-04-27T00:00:00,OKC @ UTA,L,48.0,37,93,0.398,10,34,0.294,7,13,0.538,15,34,49,20,13.0,6,4,5,21,17,91,-5.0,1,83,83,83,9,90,18,141,72,39,127,160,152,159,15,71,20,94,72,102,80,86,82,137,146,98,1
2017-18,1610612761,TOR,Toronto Raptors,0041700106,2018-04-27T00:00:00,TOR @ WAS,W,48.0,40,90,0.444,7,25,0.28,15,19,0.789,16,31,47,18,7.0,8,6,5,20,19,102,10.0,1,1,1,1,9,57,32,96,135,129,132,102,112,72,9,106,39,116,7,54,38,86,70,96,88,43,1
2017-18,1610612764,WAS,Washington Wizards,0041700106,2018-04-27T00:00:00,WAS vs. TOR,L,48.0,32,79,0.405,8,22,0.364,20,21,0.952,11,31,42,12,14.0,3,5,6,19,20,92,-10.0,1,83,83,83,9,139,125,133,121,144,72,43,87,3,35,106,84,161,87,149,52,114,47,84,136,117,1
2017-18,1610612749,MIL,Milwaukee Bucks,0041700116,2018-04-26T00:00:00,MIL vs. BOS,W,48.0,38,75,0.507,8,26,0.308,13,21,0.619,7,41,48,19,11.0,6,3,3,16,19,97,11.0,1,1,1,1,9,79,148,33,121,113,117,121,87,143,103,11,31,104,40,102,110,22,8,96,120,40,1
2017-18,1610612738,BOS,Boston Celtics,0041700116,2018-04-26T00:00:00,BOS @ MIL,L,48.0,30,81,0.37,10,36,0.278,16,19,0.842,6,33,39,18,9.0,3,3,3,19,16,86,-11.0,1,83,83,83,9,156,103,157,72,27,133,84,112,35,122,83,115,116,16,149,110,22,47,149,155,123,1
2017-18,1610612754,IND,Indiana Pacers,0041700135,2018-04-25T00:00:00,IND @ CLE,L,48.0,34,71,0.479,6,20,0.3,21,27,0.778,7,27,34,23,17.0,7,3,3,22,21,95,-3.0,1,83,83,83,9,128,162,55,153,156,123,35,32,74,103,145,151,61,132,79,110,22,108,58,129,89,1
2017-18,1610612739,CLE,Cleveland Cavaliers,0041700135,2018-04-25T00:00:00,CLE vs. IND,W,48.0,31,75,0.413,10,32,0.313,26,27,0.963,10,27,37,16,14.0,6,3,3,21,22,98,3.0,1,1,1,1,9,149,148,125,72,57,113,10,32,2,51,145,129,141,87,102,110,22,82,49,114,72,1
2017-18,1610612760,OKC,Oklahoma City Thunder,0041700175,2018-04-25T00:00:00,OKC vs. UTA,W,48.0,39,89,0.438,9,21,0.429,20,24,0.833,7,37,44,13,9.0,9,3,6,21,24,107,8.0,1,1,1,1,9,69,41,100,98,152,27,43,60,37,103,32,68,159,16,37,110,114,82,22,62,53,1
2017-18,1610612762,UTA,Utah Jazz,0041700175,2018-04-25T00:00:00,UTA @ OKC,L,48.0,33,81,0.407,13,38,0.342,20,26,0.769,10,36,46,19,17.0,5,6,3,24,21,99,-8.0,1,83,83,83,9,135,103,132,30,15,92,43,41,80,51,47,47,104,132,121,38,22,132,58,111,104,1
2017-18,1610612764,WAS,Washington Wizards,0041700105,2018-04-25T00:00:00,WAS @ TOR,L,48.0,37,90,0.411,5,26,0.192,19,22,0.864,14,36,50,21,18.0,6,4,5,18,18,98,-10.0,1,83,83,83,9,90,32,130,156,113,156,56,75,28,22,47,15,83,146,102,80,86,29,119,114,117,1
2017-18,1610612750,MIN,Minnesota Timberwolves,0041700145,2018-04-25T00:00:00,MIN @ HOU,L,48.0,40,79,0.506,9,19,0.474,15,20,0.75,5,33,38,23,9.0,2,3,5,18,17,104,-18.0,1,83,83,83,9,57,125,34,98,158,16,102,96,93,139,83,122,61,16,160,110,86,29,137,74,142,1
2017-18,1610612745,HOU,Houston Rockets,0041700145,2018-04-25T00:00:00,HOU vs. MIN,W,48.0,45,88,0.511,18,44,0.409,14,19,0.737,8,32,40,29,5.0,3,5,3,17,18,122,18.0,1,1,1,1,9,16,43,29,1,2,40,114,112,108,90,95,108,11,2,149,52,22,17,119,12,21,1
2017-18,1610612761,TOR,Toronto Raptors,0041700105,2018-04-25T00:00:00,TOR vs. WAS,W,48.0,38,82,0.463,11,25,0.44,21,28,0.75,6,29,35,26,10.0,9,5,4,18,18,108,10.0,1,1,1,1,9,79,94,70,57,129,24,35,27,93,122,132,146,28,28,37,52,56,29,119,55,43,1
2017-18,1610612759,SAS,San Antonio Spurs,0041700155,2018-04-24T00:00:00,SAS @ GSW,L,48.0,32,86,0.372,7,30,0.233,20,22,0.909,13,35,48,21,13.0,5,0,5,22,19,91,-8.0,1,83,83,83,9,139,59,155,135,76,152,43,75,12,23,61,31,83,72,121,162,86,108,96,146,104,1
2017-18,1610612749,MIL,Milwaukee Bucks,0041700115,2018-04-24T00:00:00,MIL @ BOS,L,48.0,32,87,0.368,9,33,0.273,14,20,0.7,7,30,37,21,11.0,10,3,7,23,21,87,-5.0,1,83,83,83,9,139,49,158,98,48,135,114,96,126,103,122,129,83,40,21,110,128,117,58,151,98,1
2017-18,1610612748,MIA,Miami Heat,0041700125,2018-04-24T00:00:00,MIA @ PHI,L,48.0,34,88,0.386,10,35,0.286,13,22,0.591,10,30,40,24,13.0,7,6,2,32,20,91,-13.0,1,83,83,83,9,128,43,149,72,33,131,121,75,152,51,122,108,51,72,79,38,9,163,84,146,126,1
2017-18,1610612744,GSW,Golden State Warriors,0041700155,2018-04-24T00:00:00,GSW vs. SAS,W,48.0,37,83,0.446,5,27,0.185,20,25,0.8,8,39,47,25,10.0,5,5,0,19,22,99,8.0,1,1,1,1,9,90,87,95,156,103,159,43,48,55,90,21,39,41,28,121,52,1,47,49,111,53,1
2017-18,1610612755,PHI,Philadelphia 76ers,0041700125,2018-04-24T00:00:00,PHI vs. MIA,W,48.0,34,81,0.42,7,28,0.25,29,36,0.806,9,44,53,27,15.0,7,2,6,20,32,104,13.0,1,1,1,1,9,128,103,117,135,89,148,4,5,54,69,2,7,22,102,79,144,114,70,1,74,32,1
2017-18,1610612738,BOS,Boston Celtics,0041700115,2018-04-24T00:00:00,BOS vs. MIL,W,48.0,29,69,0.42,10,31,0.323,24,32,0.75,5,45,50,22,18.0,7,7,3,21,23,92,5.0,1,1,1,1,9,161,163,116,72,65,102,17,11,93,139,1,15,70,146,79,23,22,82,34,136,64,1
2017-18,1610612762,UTA,Utah Jazz,0041700174,2018-04-23T00:00:00,UTA vs. OKC,W,48.0,41,91,0.451,12,34,0.353,19,27,0.704,10,39,49,21,12.0,7,7,6,23,21,113,17.0,1,1,1,1,9,41,26,89,44,39,80,56,32,125,51,21,20,83,56,79,23,114,117,58,37,24,1
2017-18,1610612760,OKC,Oklahoma City Thunder,0041700174,2018-04-23T00:00:00,OKC @ UTA,L,48.0,33,84,0.393,5,26,0.192,25,30,0.833,9,37,46,10,15.0,8,6,7,21,23,96,-17.0,1,83,83,83,9,135,77,144,156,113,156,13,18,37,69,32,47,164,102,54,38,128,82,34,124,140,1
2017-18,1610612750,MIN,Minnesota Timberwolves,0041700144,2018-04-23T00:00:00,MIN vs. HOU,L,48.0,39,84,0.464,8,22,0.364,14,23,0.609,10,38,48,23,17.0,4,1,6,22,17,100,-19.0,1,83,83,83,9,69,77,69,121,144,72,114,67,148,51,25,31,61,132,137,157,114,108,137,106,145,1
2017-18,1610612745,HOU,Houston Rockets,0041700144,2018-04-23T00:00:00,HOU @ MIN,W,48.0,40,92,0.435,16,43,0.372,23,26,0.885,10,36,46,20,7.0,11,6,1,17,22,119,19.0,1,1,1,1,9,57,20,104,8,4,65,23,41,23,51,47,47,94,7,9,38,4,17,49,19,17,1
2017-18,1610612744,GSW,Golden State Warriors,0041700154,2018-04-22T00:00:00,GSW @ SAS,L,48.0,34,90,0.378,7,28,0.25,15,17,0.882,24,37,61,19,18.0,6,2,4,22,18,90,-13.0,1,83,83,83,9,128,32,153,135,89,148,102,133,24,1,32,1,104,146,102,144,56,108,119,149,126,1
2017-18,1610612754,IND,Indiana Pacers,0041700134,2018-04-22T00:00:00,IND vs. CLE,L,48.0,40,93,0.43,12,33,0.364,8,13,0.615,11,36,47,25,9.0,7,5,7,19,18,100,-4.0,1,83,83,83,9,57,18,110,44,48,72,157,152,146,35,47,39,41,16,79,52,128,47,119,106,94,1
2017-18,1610612764,WAS,Washington Wizards,0041700104,2018-04-22T00:00:00,WAS vs. TOR,W,48.0,39,85,0.459,7,17,0.412,21,31,0.677,9,31,40,23,13.0,10,8,7,23,26,106,8.0,1,1,1,1,9,69,66,73,135,162,37,35,14,135,69,106,108,61,72,21,14,128,117,13,65,53,1
2017-18,1610612759,SAS,San Antonio Spurs,0041700154,2018-04-22T00:00:00,SAS vs. GSW,W,48.0,37,81,0.457,15,28,0.536,14,19,0.737,7,27,34,20,8.0,6,4,2,18,22,103,13.0,1,1,1,1,9,90,103,77,16,89,3,114,112,108,103,145,151,94,12,102,80,9,29,49,80,32,1
2017-18,1610612739,CLE,Cleveland Cavaliers,0041700134,2018-04-22T00:00:00,CLE @ IND,W,48.0,35,78,0.449,12,34,0.353,22,26,0.846,8,37,45,17,11.0,4,7,5,18,19,104,4.0,1,1,1,1,9,115,133,93,44,39,80,29,41,32,90,32,56,131,40,137,23,86,29,96,74,68,1
2017-18,1610612749,MIL,Milwaukee Bucks,0041700114,2018-04-22T00:00:00,MIL vs. BOS,W,48.0,38,73,0.521,10,23,0.435,18,24,0.75,2,34,36,24,10.0,7,14,3,24,21,104,2.0,1,1,1,1,9,79,157,21,72,139,25,67,60,93,163,71,140,51,28,79,1,22,132,58,74,77,1
2017-18,1610612761,TOR,Toronto Raptors,0041700104,2018-04-22T00:00:00,TOR @ WAS,L,48.0,34,79,0.43,7,18,0.389,23,30,0.767,9,32,41,19,18.0,9,7,8,26,23,98,-8.0,1,83,83,83,9,128,125,109,135,160,54,23,18,84,69,95,94,104,146,37,23,143,149,34,114,104,1
2017-18,1610612738,BOS,Boston Celtics,0041700114,2018-04-22T00:00:00,BOS @ MIL,L,48.0,36,87,0.414,10,29,0.345,20,25,0.8,16,27,43,22,9.0,6,3,14,21,24,102,-2.0,1,83,83,83,9,108,49,124,72,83,89,43,48,55,9,145,78,70,16,102,110,164,82,22,88,84,1
2017-18,1610612757,POR,Portland Trail Blazers,0041700164,2018-04-21T00:00:00,POR @ NOP,L,48.0,50,95,0.526,10,27,0.37,13,16,0.813,6,27,33,20,6.0,8,2,6,28,21,123,-8.0,1,83,83,83,9,1,11,15,72,103,67,121,140,51,122,145,157,94,3,54,144,114,156,58,10,104,1
2017-18,1610612755,PHI,Philadelphia 76ers,0041700124,2018-04-21T00:00:00,PHI @ MIA,W,48.0,36,84,0.429,7,31,0.226,27,35,0.771,17,40,57,22,27.0,12,5,4,25,32,106,4.0,1,1,1,1,9,108,77,111,135,65,153,6,6,79,3,16,2,70,164,4,52,56,144,1,65,68,1
2017-18,1610612762,UTA,Utah Jazz,0041700173,2018-04-21T00:00:00,UTA vs. OKC,W,48.0,42,80,0.525,13,34,0.382,18,27,0.667,13,35,48,24,19.0,12,5,3,20,23,115,13.0,1,1,1,1,9,33,115,18,30,39,58,67,32,137,23,61,31,51,154,4,52,22,70,34,32,32,1
2017-18,1610612750,MIN,Minnesota Timberwolves,0041700143,2018-04-21T00:00:00,MIN vs. HOU,W,48.0,45,90,0.5,15,27,0.556,16,22,0.727,8,33,41,29,7.0,9,3,3,16,18,121,16.0,1,1,1,1,9,16,32,37,16,103,2,84,75,114,90,83,94,11,7,37,110,22,8,119,15,26,1
2017-18,1610612745,HOU,Houston Rockets,0041700143,2018-04-21T00:00:00,HOU @ MIN,L,48.0,37,81,0.457,15,41,0.366,16,25,0.64,7,32,39,18,10.0,4,3,3,18,16,105,-16.0,1,83,83,83,9,90,103,77,16,7,71,84,48,141,103,95,115,116,28,137,110,22,29,149,70,137,1
2017-18,1610612748,MIA,Miami Heat,0041700124,2018-04-21T00:00:00,MIA vs. PHI,L,48.0,41,94,0.436,7,19,0.368,13,25,0.52,13,30,43,21,19.0,18,4,5,32,25,102,-4.0,1,83,83,83,9,41,15,103,135,158,68,121,48,162,23,122,78,83,154,1,80,86,163,17,88,94,1
2017-18,1610612760,OKC,Oklahoma City Thunder,0041700173,2018-04-21T00:00:00,OKC @ UTA,L,48.0,37,78,0.474,14,28,0.5,14,19,0.737,6,27,33,17,17.0,11,3,5,23,20,102,-13.0,1,83,83,83,9,90,133,58,25,89,7,114,112,108,122,145,157,131,132,9,110,86,117,84,88,126,1
2017-18,1610612740,NOP,New Orleans Pelicans,0041700164,2018-04-21T00:00:00,NOP vs. POR,W,48.0,45,78,0.577,9,25,0.36,32,39,0.821,7,36,43,28,14.0,5,6,2,21,28,131,8.0,1,1,1,1,9,16,133,4,98,129,76,1,3,44,103,47,78,16,87,121,38,9,82,6,1,53,1
2017-18,1610612739,CLE,Cleveland Cavaliers,0041700133,2018-04-20T00:00:00,CLE @ IND,L,48.0,34,77,0.442,10,32,0.313,12,16,0.75,9,27,36,17,17.0,11,3,3,23,22,90,-2.0,1,83,83,83,9,128,140,99,72,57,113,134,140,93,69,145,140,131,132,9,110,22,117,49,149,84,1
2017-18,1610612764,WAS,Washington Wizards,0041700103,2018-04-20T00:00:00,WAS vs. TOR,W,48.0,47,85,0.553,10,23,0.435,18,20,0.9,7,32,39,29,13.0,10,8,4,21,19,122,19.0,1,1,1,1,9,10,66,8,72,139,25,67,96,14,103,95,115,11,72,21,14,56,82,96,12,17,1
2017-18,1610612738,BOS,Boston Celtics,0041700113,2018-04-20T00:00:00,BOS @ MIL,L,48.0,32,80,0.4,8,24,0.333,20,28,0.714,17,28,45,17,18.0,3,1,12,15,27,92,-24.0,1,83,83,83,9,139,115,136,121,135,93,43,27,120,3,141,56,131,146,149,157,161,5,10,136,156,1
2017-18,1610612754,IND,Indiana Pacers,0041700133,2018-04-20T00:00:00,IND vs. CLE,W,48.0,34,73,0.466,8,26,0.308,16,20,0.8,7,30,37,17,20.0,8,3,3,22,23,92,2.0,1,1,1,1,9,128,157,68,121,113,117,84,96,55,103,122,129,131,159,54,110,22,108,34,136,77,1
2017-18,1610612749,MIL,Milwaukee Bucks,0041700113,2018-04-20T00:00:00,MIL vs. BOS,W,48.0,45,79,0.57,16,33,0.485,10,15,0.667,7,30,37,28,9.0,8,12,1,27,15,116,24.0,1,1,1,1,9,16,125,6,8,48,12,144,145,137,103,122,129,16,16,54,3,4,153,158,26,9,1
2017-18,1610612761,TOR,Toronto Raptors,0041700103,2018-04-20T00:00:00,TOR @ WAS,L,48.0,37,82,0.451,12,28,0.429,17,19,0.895,8,26,34,20,19.0,8,4,8,19,21,103,-19.0,1,83,83,83,9,90,94,85,44,89,27,75,112,17,90,157,151,94,154,54,80,143,47,58,80,145,1
2017-18,1610612744,GSW,Golden State Warriors,0041700153,2018-04-19T00:00:00,GSW @ SAS,W,48.0,42,82,0.512,10,32,0.313,16,18,0.889,4,35,39,26,10.0,8,7,5,16,21,110,13.0,1,1,1,1,9,33,94,26,72,57,113,84,125,20,153,61,115,28,28,54,23,86,8,58,50,32,1
2017-18,1610612740,NOP,New Orleans Pelicans,0041700163,2018-04-19T00:00:00,NOP vs. POR,W,48.0,46,87,0.529,11,27,0.407,16,19,0.842,6,32,38,27,13.0,16,4,3,23,19,119,17.0,1,1,1,1,9,12,49,14,57,103,42,84,112,35,122,95,122,22,72,2,80,22,117,96,19,24,1
2017-18,1610612759,SAS,San Antonio Spurs,0041700153,2018-04-19T00:00:00,SAS vs. GSW,L,48.0,37,87,0.425,7,33,0.212,16,20,0.8,10,31,41,19,12.0,8,5,7,21,16,97,-13.0,1,83,83,83,9,90,49,113,135,48,154,84,96,55,51,106,94,104,56,54,52,128,82,149,120,126,1
2017-18,1610612748,MIA,Miami Heat,0041700123,2018-04-19T00:00:00,MIA vs. PHI,L,48.0,33,73,0.452,16,33,0.485,26,35,0.743,5,30,35,26,15.0,7,9,5,30,26,108,-20.0,1,83,83,83,9,135,157,84,8,48,12,10,6,104,139,122,146,28,102,79,9,86,160,13,55,149,1
2017-18,1610612755,PHI,Philadelphia 76ers,0041700123,2018-04-19T00:00:00,PHI @ MIA,W,48.0,41,81,0.506,18,34,0.529,28,37,0.757,6,35,41,28,12.0,10,5,9,26,30,128,20.0,1,1,1,1,9,41,103,35,1,39,6,5,4,91,122,61,94,16,56,21,52,152,149,5,4,15,1
2017-18,1610612757,POR,Portland Trail Blazers,0041700163,2018-04-19T00:00:00,POR @ NOP,L,48.0,37,80,0.463,9,31,0.29,19,25,0.76,11,33,44,19,24.0,10,3,4,19,23,102,-17.0,1,83,83,83,9,90,115,71,98,65,128,56,48,89,35,83,68,104,163,21,110,56,47,34,88,140,1
2017-18,1610612739,CLE,Cleveland Cavaliers,0041700132,2018-04-18T00:00:00,CLE vs. IND,W,48.0,37,73,0.507,11,28,0.393,15,22,0.682,6,24,30,15,15.0,8,2,3,19,23,100,3.0,1,1,1,1,9,90,157,32,57,89,50,102,75,132,122,163,163,150,102,54,144,22,47,34,106,72,1
2017-18,1610612750,MIN,Minnesota Timberwolves,0041700142,2018-04-18T00:00:00,MIN @ HOU,L,48.0,31,80,0.388,5,18,0.278,15,21,0.714,9,43,52,15,16.0,7,7,9,16,17,82,-20.0,1,83,83,83,9,149,115,148,156,160,133,102,87,120,69,5,10,150,124,79,23,152,8,137,162,149,1
2017-18,1610612754,IND,Indiana Pacers,0041700132,2018-04-18T00:00:00,IND @ CLE,L,48.0,41,78,0.526,6,22,0.273,9,12,0.75,5,31,36,22,17.0,8,3,2,23,19,97,-3.0,1,83,83,83,9,41,133,16,153,144,135,150,156,93,139,106,140,70,132,54,110,9,117,96,120,89,1
2017-18,1610612745,HOU,Houston Rockets,0041700142,2018-04-18T00:00:00,HOU vs. MIN,W,48.0,35,96,0.365,16,52,0.308,16,21,0.762,12,42,54,22,9.0,8,9,7,17,16,102,20.0,1,1,1,1,9,115,7,160,8,1,117,84,87,87,32,7,5,70,16,54,9,128,17,149,88,15,1
2017-18,1610612760,OKC,Oklahoma City Thunder,0041700172,2018-04-18T00:00:00,OKC vs. UTA,L,48.0,36,90,0.4,11,35,0.314,12,18,0.667,10,36,46,22,13.0,11,4,3,25,19,95,-7.0,1,83,83,83,9,108,32,136,57,33,112,134,125,137,51,47,47,70,72,9,80,22,144,96,129,103,1
2017-18,1610612762,UTA,Utah Jazz,0041700172,2018-04-18T00:00:00,UTA @ OKC,W,48.0,35,84,0.417,9,29,0.31,23,33,0.697,15,41,56,22,16.0,9,3,4,19,25,102,7.0,1,1,1,1,9,115,77,120,98,83,116,23,9,128,15,11,4,70,124,37,110,56,47,17,88,62,1
2017-18,1610612738,BOS,Boston Celtics,0041700112,2018-04-17T00:00:00,BOS vs. MIL,W,48.0,48,90,0.533,13,31,0.419,11,18,0.611,9,29,38,24,7.0,10,6,4,16,19,120,14.0,1,1,1,1,9,5,32,12,30,65,33,140,125,147,69,132,122,51,7,21,38,56,8,96,18,30,1
2017-18,1610612740,NOP,New Orleans Pelicans,0041700162,2018-04-17T00:00:00,NOP @ POR,W,48.0,43,84,0.512,12,24,0.5,13,19,0.684,10,33,43,25,14.0,4,4,4,17,20,111,9.0,1,1,1,1,9,28,77,27,44,135,7,121,112,130,51,83,78,41,87,137,80,56,17,84,48,49,1
2017-18,1610612757,POR,Portland Trail Blazers,0041700162,2018-04-17T00:00:00,POR vs. NOP,L,48.0,41,91,0.451,12,32,0.375,8,10,0.8,13,32,45,20,16.0,5,4,4,20,17,102,-9.0,1,83,83,83,9,41,26,89,44,57,64,157,162,55,23,95,56,94,124,121,80,56,70,137,88,113,1
2017-18,1610612761,TOR,Toronto Raptors,0041700102,2018-04-17T00:00:00,TOR vs. WAS,W,48.0,45,87,0.517,13,35,0.371,27,33,0.818,9,39,48,24,14.0,5,8,3,27,24,130,11.0,1,1,1,1,9,16,49,24,30,33,66,6,9,45,69,21,31,51,87,121,14,22,153,22,2,40,1
2017-18,1610612749,MIL,Milwaukee Bucks,0041700112,2018-04-17T00:00:00,MIL @ BOS,L,48.0,46,77,0.597,7,17,0.412,7,17,0.412,7,31,38,19,15.0,3,4,6,19,16,106,-14.0,1,83,83,83,9,12,140,1,135,162,37,160,133,164,103,106,122,104,102,149,80,114,47,149,65,134,1
2017-18,1610612764,WAS,Washington Wizards,0041700102,2018-04-17T00:00:00,WAS @ TOR,L,48.0,42,86,0.488,10,22,0.455,25,28,0.893,4,30,34,26,9.0,7,3,8,24,27,119,-11.0,1,83,83,83,9,33,59,41,72,144,21,13,27,19,153,122,151,28,16,79,110,143,132,10,19,123,1
2017-18,1610612759,SAS,San Antonio Spurs,0041700152,2018-04-16T00:00:00,SAS @ GSW,L,48.0,35,85,0.412,4,28,0.143,27,30,0.9,9,26,35,16,9.0,10,2,5,21,24,101,-15.0,1,83,83,83,9,115,66,127,161,89,164,6,18,14,69,157,146,141,16,21,144,86,82,22,99,136,1
2017-18,1610612748,MIA,Miami Heat,0041700122,2018-04-16T00:00:00,MIA @ PHI,W,48.0,40,82,0.488,9,25,0.36,24,30,0.8,11,35,46,23,15.0,8,7,5,27,26,113,10.0,1,1,1,1,9,57,94,43,98,129,76,17,18,55,35,61,47,61,102,54,23,86,153,13,37,43,1
2017-18,1610612755,PHI,Philadelphia 76ers,0041700122,2018-04-16T00:00:00,PHI vs. MIA,L,48.0,40,96,0.417,7,36,0.194,16,22,0.727,17,32,49,22,15.0,7,5,7,26,27,103,-10.0,1,83,83,83,9,57,7,120,135,27,155,84,75,114,3,95,20,70,102,79,52,128,149,10,80,117,1
2017-18,1610612744,GSW,Golden State Warriors,0041700152,2018-04-16T00:00:00,GSW vs. SAS,W,48.0,41,78,0.526,15,31,0.484,19,20,0.95,6,33,39,32,15.0,5,5,2,24,21,116,15.0,1,1,1,1,9,41,133,16,16,65,14,56,96,4,122,83,115,7,102,121,52,9,132,58,26,29,1
2017-18,1610612739,CLE,Cleveland Cavaliers,0041700131,2018-04-15T00:00:00,CLE vs. IND,L,48.0,30,78,0.385,8,34,0.235,12,20,0.6,9,37,46,21,17.0,7,4,4,23,21,80,-18.0,1,83,83,83,9,156,133,151,121,39,151,134,96,149,69,32,47,83,132,79,80,56,117,58,163,142,1
2017-18,1610612738,BOS,Boston Celtics,0041700111,2018-04-15T00:00:00,BOS vs. MIL,W,53.0,39,94,0.415,11,26,0.423,24,27,0.889,11,34,45,20,15.0,8,5,8,21,31,113,6.0,1,1,1,1,1,69,15,123,57,113,30,17,32,20,35,71,56,94,102,54,52,143,82,3,37,63,1
2017-18,1610612750,MIN,Minnesota Timberwolves,0041700141,2018-04-15T00:00:00,MIN @ HOU,L,48.0,35,80,0.438,8,23,0.348,23,28,0.821,11,36,47,22,14.0,3,2,8,19,19,101,-3.0,1,83,83,83,9,115,115,101,121,139,85,23,27,43,35,47,39,70,87,149,144,143,47,96,99,89,1
2017-18,1610612762,UTA,Utah Jazz,0041700171,2018-04-15T00:00:00,UTA @ OKC,L,48.0,41,87,0.471,11,28,0.393,15,20,0.75,9,33,42,18,14.0,10,7,5,21,19,108,-8.0,1,83,83,83,9,41,49,62,57,89,50,102,96,93,69,83,84,116,87,21,23,86,82,96,55,104,1
2017-18,1610612749,MIL,Milwaukee Bucks,0041700111,2018-04-15T00:00:00,MIL @ BOS,L,53.0,40,83,0.482,8,21,0.381,19,24,0.792,5,37,42,22,20.0,8,8,5,31,21,107,-6.0,1,83,83,83,1,57,87,52,121,152,59,56,60,67,139,32,84,70,159,54,14,86,161,58,62,102,1
2017-18,1610612745,HOU,Houston Rockets,0041700141,2018-04-15T00:00:00,HOU vs. MIN,W,48.0,39,83,0.47,10,37,0.27,16,23,0.696,8,29,37,15,11.0,8,8,2,19,19,104,3.0,1,1,1,1,9,69,87,64,72,22,138,84,67,129,90,132,129,150,40,54,14,9,47,96,74,72,1
2017-18,1610612760,OKC,Oklahoma City Thunder,0041700171,2018-04-15T00:00:00,OKC vs. UTA,W,48.0,41,85,0.482,14,29,0.483,20,23,0.87,9,37,46,16,17.0,8,5,7,19,21,116,8.0,1,1,1,1,9,41,66,50,25,83,15,43,67,26,69,32,47,141,132,54,52,128,47,58,26,53,1
2017-18,1610612754,IND,Indiana Pacers,0041700131,2018-04-15T00:00:00,IND @ CLE,W,48.0,36,79,0.456,11,28,0.393,15,25,0.6,8,36,44,19,11.0,12,4,4,21,23,98,18.0,1,1,1,1,9,108,125,79,57,89,50,102,48,149,90,47,68,104,40,4,80,56,82,34,114,21,1
2017-18,1610612757,POR,Portland Trail Blazers,0041700161,2018-04-14T00:00:00,POR vs. NOP,L,48.0,37,98,0.378,12,39,0.308,9,12,0.75,15,37,52,17,12.0,10,6,12,15,17,95,-2.0,1,83,83,83,9,90,5,154,44,9,117,150,156,93,15,32,10,131,56,21,38,161,5,137,129,84,1
2017-18,1610612761,TOR,Toronto Raptors,0041700101,2018-04-14T00:00:00,TOR vs. WAS,W,48.0,41,77,0.532,16,30,0.533,16,20,0.8,5,33,38,26,17.0,6,7,3,18,21,114,8.0,1,1,1,1,9,41,140,13,8,76,4,84,96,55,139,83,122,28,132,102,23,22,29,58,34,53,1
2017-18,1610612755,PHI,Philadelphia 76ers,0041700121,2018-04-14T00:00:00,PHI vs. MIA,W,48.0,45,95,0.474,18,28,0.643,22,29,0.759,17,33,50,34,11.0,9,4,6,23,25,130,27.0,1,1,1,1,9,16,11,59,1,89,1,29,25,90,3,83,15,4,40,37,80,114,117,17,2,6,1
2017-18,1610612759,SAS,San Antonio Spurs,0041700151,2018-04-14T00:00:00,SAS @ GSW,L,48.0,32,80,0.4,9,22,0.409,19,24,0.792,3,27,30,19,13.0,9,4,6,20,18,92,-21.0,1,83,83,83,9,139,115,136,98,144,40,56,60,67,159,145,163,104,72,37,80,114,70,119,136,151,1
2017-18,1610612740,NOP,New Orleans Pelicans,0041700161,2018-04-14T00:00:00,NOP @ POR,W,48.0,41,86,0.477,8,24,0.333,7,10,0.7,7,42,49,26,15.0,8,12,6,17,15,97,2.0,1,1,1,1,9,41,59,56,121,135,93,160,162,126,103,7,20,28,102,54,3,114,17,158,120,77,1
2017-18,1610612748,MIA,Miami Heat,0041700121,2018-04-14T00:00:00,MIA @ PHI,L,48.0,35,77,0.455,12,26,0.462,21,31,0.677,9,32,41,25,18.0,4,6,4,25,23,103,-27.0,1,83,83,83,9,115,140,81,44,113,18,35,14,135,69,95,94,41,146,137,38,56,144,34,80,159,1
2017-18,1610612744,GSW,Golden State Warriors,0041700151,2018-04-14T00:00:00,GSW vs. SAS,W,48.0,44,81,0.543,10,22,0.455,15,22,0.682,10,41,51,32,15.0,6,6,4,18,20,113,21.0,1,1,1,1,9,24,103,9,72,144,21,102,75,132,51,11,13,7,102,102,38,56,29,84,37,13,1
2017-18,1610612764,WAS,Washington Wizards,0041700101,2018-04-14T00:00:00,WAS @ TOR,L,48.0,41,86,0.477,8,21,0.381,16,18,0.889,6,29,35,29,14.0,11,3,7,21,18,106,-8.0,1,83,83,83,9,41,59,56,121,152,59,84,125,20,122,132,146,11,87,9,110,128,82,119,65,104,1
