SEASON_YEAR,TEAM_ID,TEAM_ABBREVIATION,TEAM_NAME,GAME_ID,GAME_DATE,MATCHUP,WL,MIN,E_OFF_RATING,OFF_RATING,E_DEF_RATING,DEF_RATING,E_NET_RATING,NET_RATING,AST_PCT,AST_TO,AST_RATIO,OREB_PCT,DREB_PCT,REB_PCT,TM_TOV_PCT,EFG_PCT,TS_PCT,E_PACE,PACE,PACE_PER40,POSS,PIE,GP_RANK,W_RANK,L_RANK,W_PCT_RANK,MIN_RANK,OFF_RATING_RANK,DEF_RATING_RANK,NET_RATING_RANK,AST_PCT_RANK,AST_TO_RANK,AST_RATIO_RANK,OREB_PCT_RANK,DREB_PCT_RANK,REB_PCT_RANK,TM_TOV_PCT_RANK,EFG_PCT_RANK,TS_PCT_RANK,PACE_RANK,PIE_RANK,AVAILABLE_FLAG
2024-25,1610612742,DAL,Dallas Mavericks,0022400153,2024-11-03T00:00:00,DAL vs. ORL,W,48.0,105.8,106.9,82.2,84.2,23.5,22.8,0.595,1.32,18.0,0.283,0.698,0.523,0.188,0.553,0.568,102.7,101.0,84.17,101,0.672,1,1,1,1,15,133,3,10,120,144,94,108,96,59,161,67,102,81,4,1
2024-25,1610612753,ORL,Orlando Magic,0022400153,2024-11-03T00:00:00,ORL @ DAL,L,48.0,82.2,84.2,105.8,106.9,-23.5,-22.8,0.613,1.27,13.7,0.302,0.717,0.477,0.149,0.376,0.419,102.7,101.0,84.17,101,0.328,1,94,94,94,15,184,54,177,109,148,174,90,79,126,97,185,183,81,183,1
2024-25,1610612751,BKN,Brooklyn Nets,0022400151,2024-11-03T00:00:00,BKN vs. DET,L,48.0,97.2,98.9,105.5,112.8,-8.3,-13.8,0.719,1.64,18.9,0.136,0.605,0.368,0.151,0.514,0.543,97.5,93.5,77.92,93,0.407,1,94,94,94,15,171,92,157,31,109,65,183,171,185,103,119,125,177,162,1
2024-25,1610612740,NOP,New Orleans Pelicans,0022400152,2024-11-03T00:00:00,NOP vs. ATL,L,48.0,112.3,113.3,126.9,128.6,-14.6,-15.3,0.564,1.22,15.8,0.385,0.667,0.505,0.184,0.522,0.562,99.0,98.0,81.67,98,0.399,1,94,94,94,15,90,176,160,142,155,147,26,133,82,156,110,110,123,168,1
2024-25,1610612765,DET,Detroit Pistons,0022400151,2024-11-03T00:00:00,DET @ BKN,W,48.0,105.5,112.8,97.2,98.9,8.3,13.8,0.676,1.19,18.5,0.395,0.864,0.632,0.223,0.552,0.599,97.5,93.5,77.92,94,0.593,1,1,1,1,15,95,16,30,60,158,76,16,3,2,181,70,56,177,25,1
2024-25,1610612737,ATL,Atlanta Hawks,0022400152,2024-11-03T00:00:00,ATL @ NOP,W,48.0,126.9,128.6,112.3,113.3,14.6,15.3,0.58,1.81,20.9,0.333,0.615,0.495,0.163,0.653,0.675,99.0,98.0,81.67,98,0.601,1,1,1,1,15,11,97,27,132,90,32,53,160,104,120,4,2,123,19,1
2024-25,1610612766,CHA,Charlotte Hornets,0022400141,2024-11-02T00:00:00,CHA vs. BOS,L,48.0,102.0,106.2,111.5,116.5,-9.5,-10.3,0.6,1.85,17.9,0.25,0.681,0.455,0.134,0.533,0.542,101.1,97.0,80.83,97,0.429,1,94,94,94,15,135,125,142,117,87,97,134,119,161,68,96,127,143,142,1
2024-25,1610612744,GSW,Golden State Warriors,0022400144,2024-11-02T00:00:00,GSW @ HOU,W,53.0,121.0,118.7,109.4,113.1,11.5,5.6,0.65,1.86,18.2,0.255,0.636,0.478,0.131,0.609,0.635,97.6,96.91,80.75,107,0.554,1,1,1,1,1,47,95,65,81,84,86,131,148,124,61,22,30,149,56,1
2024-25,1610612760,OKC,Oklahoma City Thunder,0022400150,2024-11-02T00:00:00,OKC @ LAC,W,48.0,103.6,105.0,89.8,92.0,13.8,13.0,0.694,2.08,19.1,0.12,0.736,0.437,0.12,0.524,0.568,101.9,100.0,83.33,100,0.555,1,1,1,1,15,140,6,36,45,54,59,186,61,172,45,105,98,97,55,1
2024-25,1610612748,MIA,Miami Heat,0022400147,2024-11-02T00:00:00,MIA @ WAS,W,48.0,111.8,114.6,94.0,95.1,17.8,19.4,0.442,1.36,12.9,0.391,0.807,0.587,0.136,0.495,0.524,104.9,103.0,85.83,103,0.543,1,1,1,1,15,76,10,14,182,140,180,19,19,7,73,138,150,49,64,1
2024-25,1610612739,CLE,Cleveland Cavaliers,0022400145,2024-11-02T00:00:00,CLE @ MIL,W,48.0,120.5,118.8,114.6,117.7,5.9,1.0,0.705,4.43,22.5,0.229,0.725,0.485,0.073,0.566,0.584,96.6,96.0,80.0,96,0.543,1,1,1,1,15,46,132,90,43,3,21,146,73,117,4,52,79,153,66,1
2024-25,1610612738,BOS,Boston Celtics,0022400141,2024-11-02T00:00:00,BOS @ CHA,W,48.0,111.5,116.5,102.0,106.2,9.5,10.3,0.639,1.53,17.3,0.319,0.75,0.545,0.155,0.537,0.599,101.1,97.0,80.83,97,0.571,1,1,1,1,15,62,51,45,89,124,112,67,51,26,108,92,57,143,45,1
2024-25,1610612749,MIL,Milwaukee Bucks,0022400145,2024-11-02T00:00:00,MIL vs. CLE,L,48.0,114.6,117.7,120.5,118.8,-5.9,-1.0,0.558,1.85,18.2,0.275,0.771,0.515,0.135,0.584,0.591,96.6,96.0,80.0,96,0.457,1,94,94,94,15,54,141,97,144,87,86,113,41,70,71,38,71,153,121,1
2024-25,1610612764,WAS,Washington Wizards,0022400147,2024-11-02T00:00:00,WAS @ MIA,L,48.0,94.0,95.1,111.8,114.6,-17.8,-19.4,0.605,1.92,16.8,0.193,0.609,0.413,0.117,0.456,0.489,104.9,103.0,85.83,103,0.457,1,94,94,94,15,177,111,173,115,77,122,168,167,180,40,172,175,49,123,1
2024-25,1610612762,UTA,Utah Jazz,0022400148,2024-11-02T00:00:00,UTA @ DEN,L,48.0,96.6,97.2,119.3,121.7,-22.7,-24.5,0.75,1.0,17.1,0.208,0.582,0.408,0.226,0.5,0.568,107.4,106.0,88.33,106,0.393,1,94,94,94,15,173,157,180,17,174,113,160,180,181,183,132,99,15,173,1
2024-25,1610612750,MIN,Minnesota Timberwolves,0022400146,2024-11-02T00:00:00,MIN @ SAS,L,48.0,105.3,108.4,117.1,117.7,-11.8,-9.3,0.538,1.62,16.8,0.188,0.738,0.444,0.137,0.543,0.567,97.1,95.5,79.58,95,0.405,1,94,94,94,15,122,132,138,152,112,121,174,60,169,76,85,104,165,164,1
2024-25,1610612758,SAC,Sacramento Kings,0022400143,2024-11-02T00:00:00,SAC @ TOR,L,53.0,109.3,110.3,113.3,112.9,-4.0,-2.6,0.457,1.17,13.5,0.316,0.712,0.505,0.155,0.51,0.561,105.4,105.06,87.55,116,0.485,1,94,94,94,1,113,94,102,181,161,177,72,83,89,110,127,111,21,103,1
2024-25,1610612756,PHX,Phoenix Suns,0022400149,2024-11-02T00:00:00,PHX vs. POR,W,48.0,99.3,100.0,89.9,95.1,9.4,4.9,0.829,2.07,19.5,0.279,0.747,0.537,0.136,0.468,0.502,105.8,102.5,85.42,103,0.59,1,1,1,1,15,160,9,70,3,57,52,111,54,37,73,164,167,57,28,1
2024-25,1610612745,HOU,Houston Rockets,0022400144,2024-11-02T00:00:00,HOU vs. GSW,L,53.0,109.4,113.1,121.0,118.7,-11.5,-5.6,0.614,2.45,17.1,0.364,0.745,0.522,0.103,0.481,0.515,97.6,96.91,80.75,107,0.446,1,94,94,94,1,92,140,122,108,26,115,39,56,63,26,153,159,149,131,1
2024-25,1610612759,SAS,San Antonio Spurs,0022400146,2024-11-02T00:00:00,SAS vs. MIN,W,48.0,117.1,117.7,105.3,108.4,11.8,9.3,0.744,2.46,23.2,0.262,0.813,0.556,0.135,0.596,0.624,97.1,95.5,79.58,96,0.595,1,1,1,1,15,54,65,49,21,25,12,127,13,18,71,31,35,165,23,1
2024-25,1610612746,LAC,LA Clippers,0022400150,2024-11-02T00:00:00,LAC vs. OKC,L,48.0,89.8,92.0,103.6,105.0,-13.8,-13.0,0.719,1.05,16.8,0.264,0.88,0.563,0.22,0.475,0.509,101.9,100.0,83.33,100,0.445,1,94,94,94,15,181,47,151,31,172,122,125,1,15,176,156,163,97,132,1
2024-25,1610612761,TOR,Toronto Raptors,0022400143,2024-11-02T00:00:00,TOR vs. SAC,W,53.0,113.3,112.9,109.3,110.3,4.0,2.6,0.674,1.63,19.1,0.288,0.684,0.495,0.164,0.574,0.603,105.4,105.06,87.55,116,0.515,1,1,1,1,1,93,74,85,63,111,58,103,115,98,124,47,49,21,84,1
2024-25,1610612755,PHI,Philadelphia 76ers,0022400142,2024-11-02T00:00:00,PHI vs. MEM,L,48.0,103.1,108.1,121.3,124.0,-18.2,-15.9,0.611,1.57,16.3,0.25,0.61,0.402,0.141,0.511,0.547,103.0,99.5,82.92,99,0.377,1,94,94,94,15,127,165,162,111,119,136,134,166,183,85,123,122,103,177,1
2024-25,1610612763,MEM,Memphis Grizzlies,0022400142,2024-11-02T00:00:00,MEM @ PHI,W,48.0,121.3,124.0,103.1,108.1,18.2,15.9,0.729,2.06,23.2,0.39,0.75,0.598,0.17,0.621,0.644,103.0,99.5,82.92,100,0.623,1,1,1,1,15,22,60,25,27,58,13,21,51,4,134,17,20,103,10,1
2024-25,1610612743,DEN,Denver Nuggets,0022400148,2024-11-02T00:00:00,DEN vs. UTA,W,48.0,119.3,121.7,96.6,97.2,22.7,24.5,0.688,1.83,20.4,0.418,0.792,0.592,0.17,0.566,0.591,107.4,106.0,88.33,106,0.607,1,1,1,1,15,30,14,7,52,89,43,7,27,6,133,56,70,15,14,1
2024-25,1610612757,POR,Portland Trail Blazers,0022400149,2024-11-02T00:00:00,POR @ PHX,L,48.0,89.9,95.1,99.3,100.0,-9.4,-4.9,0.459,2.83,12.4,0.253,0.721,0.463,0.059,0.396,0.419,105.8,102.5,85.42,102,0.41,1,94,94,94,15,178,20,117,180,16,184,133,76,150,3,183,184,57,159,1
2024-25,1610612760,OKC,Oklahoma City Thunder,0022400140,2024-11-01T00:00:00,OKC @ POR,W,48.0,133.8,137.0,108.9,114.0,24.9,23.0,0.608,2.38,20.8,0.4,0.68,0.547,0.13,0.637,0.663,103.5,100.0,83.33,100,0.596,1,1,1,1,15,3,105,8,113,30,34,9,121,24,59,6,7,97,21,1
2024-25,1610612758,SAC,Sacramento Kings,0022400135,2024-11-01T00:00:00,SAC @ ATL,W,48.0,115.8,118.3,109.6,110.6,6.2,7.7,0.651,2.0,19.0,0.319,0.8,0.578,0.135,0.545,0.602,105.6,104.0,86.67,104,0.549,1,1,1,1,15,50,78,59,79,60,60,67,21,10,69,79,50,37,61,1
2024-25,1610612747,LAL,Los Angeles Lakers,0022400137,2024-11-01T00:00:00,LAL @ TOR,W,48.0,122.4,127.2,115.0,121.4,7.4,5.8,0.69,2.9,19.9,0.313,0.625,0.481,0.097,0.54,0.618,107.9,103.0,85.83,103,0.548,1,1,1,1,15,16,154,64,50,15,48,78,155,122,17,87,40,49,62,1
2024-25,1610612739,CLE,Cleveland Cavaliers,0022400133,2024-11-01T00:00:00,CLE vs. ORL,W,48.0,117.9,117.6,101.3,107.9,16.5,9.7,0.568,1.92,18.4,0.222,0.778,0.525,0.127,0.592,0.626,104.7,101.5,84.58,102,0.556,1,1,1,1,15,56,59,48,140,75,80,147,37,55,54,34,33,69,53,1
2024-25,1610612743,DEN,Denver Nuggets,0022400139,2024-11-01T00:00:00,DEN @ MIN,L,48.0,112.9,114.9,119.1,119.0,-6.2,-4.1,0.732,2.0,19.6,0.4,0.756,0.552,0.149,0.505,0.554,101.3,100.5,83.75,101,0.473,1,94,94,94,15,73,143,113,24,60,49,9,47,21,97,130,117,85,112,1
2024-25,1610612754,IND,Indiana Pacers,0022400138,2024-11-01T00:00:00,IND @ NOP,L,48.0,114.9,120.4,122.1,127.6,-7.2,-7.1,0.761,2.5,24.1,0.273,0.63,0.469,0.143,0.607,0.623,102.5,98.0,81.67,98,0.479,1,94,94,94,15,34,173,126,15,23,4,115,152,143,89,23,38,123,108,1
2024-25,1610612738,BOS,Boston Celtics,0022400132,2024-11-01T00:00:00,BOS @ CHA,W,48.0,123.5,125.3,108.7,111.2,14.8,14.0,0.512,2.1,15.7,0.333,0.66,0.505,0.101,0.552,0.611,100.3,98.5,82.08,99,0.616,1,1,1,1,15,21,80,29,166,50,149,53,135,84,22,69,44,115,11,1
2024-25,1610612757,POR,Portland Trail Blazers,0022400140,2024-11-01T00:00:00,POR vs. OKC,L,48.0,108.9,114.0,133.8,137.0,-24.9,-23.0,0.692,1.42,19.1,0.32,0.6,0.453,0.19,0.56,0.59,103.5,100.0,83.33,100,0.404,1,94,94,94,15,82,184,179,49,133,57,66,176,163,162,62,73,97,166,1
2024-25,1610612750,MIN,Minnesota Timberwolves,0022400139,2024-11-01T00:00:00,MIN vs. DEN,W,48.0,119.1,119.0,112.9,114.9,6.2,4.1,0.791,2.0,23.6,0.244,0.6,0.448,0.17,0.627,0.654,101.3,100.5,83.75,100,0.527,1,1,1,1,15,42,114,74,11,60,7,140,176,166,134,11,14,85,75,1
2024-25,1610612765,DET,Detroit Pistons,0022400134,2024-11-01T00:00:00,DET vs. NYK,L,48.0,97.9,99.0,123.8,129.3,-25.9,-30.3,0.561,1.05,17.7,0.195,0.66,0.451,0.222,0.574,0.583,101.7,99.0,82.5,99,0.395,1,94,94,94,15,170,180,183,143,172,104,167,135,164,179,45,81,109,171,1
2024-25,1610612761,TOR,Toronto Raptors,0022400137,2024-11-01T00:00:00,TOR vs. LAL,L,48.0,115.0,121.4,122.4,127.2,-7.4,-5.8,0.673,3.18,22.0,0.375,0.688,0.519,0.107,0.533,0.554,107.9,103.0,85.83,103,0.452,1,94,94,94,15,33,171,123,65,9,23,31,109,65,30,98,116,49,125,1
2024-25,1610612741,CHI,Chicago Bulls,0022400136,2024-11-01T00:00:00,CHI @ BKN,L,48.0,107.1,108.7,118.0,118.8,-10.9,-10.1,0.632,1.5,16.9,0.302,0.783,0.525,0.155,0.528,0.568,103.1,102.0,85.0,103,0.421,1,94,94,94,15,120,142,141,95,127,118,88,31,55,111,102,100,61,151,1
2024-25,1610612751,BKN,Brooklyn Nets,0022400136,2024-11-01T00:00:00,BKN vs. CHI,W,48.0,118.0,118.8,107.1,108.7,10.9,10.1,0.694,3.09,23.4,0.217,0.698,0.475,0.109,0.58,0.602,103.1,102.0,85.0,101,0.579,1,1,1,1,15,45,66,46,48,12,9,155,98,131,32,42,51,61,36,1
2024-25,1610612740,NOP,New Orleans Pelicans,0022400138,2024-11-01T00:00:00,NOP vs. IND,W,48.0,122.1,127.6,114.9,120.4,7.2,7.1,0.571,3.5,19.2,0.37,0.727,0.531,0.082,0.545,0.572,102.5,98.0,81.67,98,0.521,1,1,1,1,15,14,153,61,136,8,56,34,70,43,6,80,93,123,79,1
2024-25,1610612737,ATL,Atlanta Hawks,0022400135,2024-11-01T00:00:00,ATL vs. SAC,L,48.0,109.6,110.6,115.8,118.3,-6.2,-7.7,0.732,2.31,20.7,0.2,0.681,0.422,0.125,0.549,0.575,105.6,104.0,86.67,104,0.451,1,94,94,94,15,109,136,128,24,36,37,164,119,177,52,72,91,37,126,1
2024-25,1610612752,NYK,New York Knicks,0022400134,2024-11-01T00:00:00,NYK @ DET,W,48.0,123.8,129.3,97.9,99.0,25.9,30.3,0.596,3.1,21.1,0.34,0.805,0.549,0.101,0.604,0.607,101.7,99.0,82.5,99,0.605,1,1,1,1,15,7,17,4,119,11,29,50,20,23,22,25,45,109,16,1
2024-25,1610612766,CHA,Charlotte Hornets,0022400132,2024-11-01T00:00:00,CHA vs. BOS,L,48.0,108.7,111.2,123.5,125.3,-14.8,-14.0,0.476,1.25,14.8,0.34,0.667,0.495,0.163,0.566,0.566,100.3,98.5,82.08,98,0.384,1,94,94,94,15,107,166,158,175,150,159,50,133,103,120,52,105,115,176,1
2024-25,1610612753,ORL,Orlando Magic,0022400133,2024-11-01T00:00:00,ORL @ CLE,L,48.0,101.3,107.9,117.9,117.6,-16.5,-9.7,0.634,1.86,18.7,0.222,0.778,0.475,0.139,0.517,0.542,104.7,101.5,84.58,101,0.444,1,94,94,94,15,128,131,139,92,84,73,147,37,131,80,117,128,69,134,1
2024-25,1610612745,HOU,Houston Rockets,0022400129,2024-10-31T00:00:00,HOU @ DAL,W,48.0,107.1,116.1,108.7,107.4,-1.7,8.8,0.525,2.1,15.1,0.417,0.75,0.565,0.108,0.454,0.496,97.3,94.0,78.33,93,0.521,1,1,1,1,15,66,57,52,157,50,154,8,51,14,31,173,171,175,80,1
2024-25,1610612742,DAL,Dallas Mavericks,0022400129,2024-10-31T00:00:00,DAL vs. HOU,L,48.0,108.7,107.4,107.1,116.1,1.7,-8.8,0.538,2.1,16.5,0.25,0.583,0.435,0.105,0.518,0.544,97.3,94.0,78.33,95,0.479,1,94,94,94,15,130,121,135,152,50,132,134,179,173,28,115,124,175,107,1
2024-25,1610612756,PHX,Phoenix Suns,0022400131,2024-10-31T00:00:00,PHX @ LAC,W,48.0,127.1,123.8,117.5,119.0,9.6,4.8,0.69,2.42,20.9,0.205,0.66,0.447,0.119,0.622,0.663,99.8,100.5,83.75,101,0.533,1,1,1,1,15,23,143,73,50,28,32,161,135,167,43,14,8,85,72,1
2024-25,1610612762,UTA,Utah Jazz,0022400130,2024-10-31T00:00:00,UTA vs. SAS,L,48.0,86.8,88.0,103.8,105.0,-17.0,-17.0,0.594,0.73,13.9,0.353,0.727,0.547,0.26,0.433,0.487,101.7,100.5,83.75,100,0.39,1,94,94,94,15,182,46,166,124,186,172,46,70,25,185,178,176,85,175,1
2024-25,1610612763,MEM,Memphis Grizzlies,0022400128,2024-10-31T00:00:00,MEM vs. MIL,W,48.0,115.5,116.2,94.0,96.1,21.5,20.1,0.605,1.53,18.3,0.268,0.82,0.598,0.162,0.573,0.638,105.5,104.0,86.67,105,0.675,1,1,1,1,15,64,11,13,116,126,82,120,8,3,119,48,28,37,3,1
2024-25,1610612749,MIL,Milwaukee Bucks,0022400128,2024-10-31T00:00:00,MIL @ MEM,L,48.0,94.0,96.1,115.5,116.2,-21.5,-20.1,0.488,2.0,14.9,0.18,0.732,0.402,0.097,0.474,0.474,105.5,104.0,86.67,103,0.325,1,94,94,94,15,176,123,174,171,60,157,179,67,184,17,157,179,37,184,1
2024-25,1610612746,LAC,LA Clippers,0022400131,2024-10-31T00:00:00,LAC vs. PHX,L,48.0,117.5,119.0,127.1,123.8,-9.6,-4.8,0.6,1.93,18.8,0.34,0.795,0.553,0.14,0.548,0.582,99.8,100.5,83.75,100,0.467,1,94,94,94,15,42,164,114,117,72,72,50,25,20,82,74,82,85,115,1
2024-25,1610612759,SAS,San Antonio Spurs,0022400130,2024-10-31T00:00:00,SAS @ UTA,W,48.0,103.8,105.0,86.8,88.0,17.0,17.0,0.658,2.27,17.7,0.273,0.647,0.453,0.109,0.478,0.519,101.7,100.5,83.75,101,0.61,1,1,1,1,15,141,5,21,74,39,102,115,141,162,32,154,156,85,12,1
2024-25,1610612761,TOR,Toronto Raptors,0022400117,2024-10-30T00:00:00,TOR @ CHA,L,48.0,126.4,129.1,129.0,134.0,-2.5,-4.9,0.712,2.64,23.6,0.429,0.604,0.522,0.136,0.621,0.638,106.1,103.0,85.83,103,0.51,1,94,94,94,15,9,182,115,38,20,8,6,172,62,73,16,27,49,86,1
2024-25,1610612741,CHI,Chicago Bulls,0022400123,2024-10-30T00:00:00,CHI vs. ORL,W,48.0,101.0,100.0,98.2,97.1,2.8,2.9,0.639,1.53,17.0,0.216,0.865,0.544,0.147,0.506,0.537,100.9,102.0,85.0,102,0.507,1,1,1,1,15,160,13,80,89,124,116,157,2,29,96,129,133,61,88,1
2024-25,1610612746,LAC,LA Clippers,0022400127,2024-10-30T00:00:00,LAC vs. POR,L,48.0,106.1,111.7,107.9,111.6,-1.7,0.1,0.634,1.86,18.8,0.327,0.679,0.5,0.149,0.528,0.536,98.6,94.5,78.75,94,0.505,1,94,94,94,15,103,82,93,92,84,66,55,122,90,101,103,136,169,89,1
2024-25,1610612747,LAL,Los Angeles Lakers,0022400118,2024-10-30T00:00:00,LAL @ CLE,L,48.0,102.3,104.8,125.8,127.6,-23.5,-22.9,0.553,1.0,15.7,0.22,0.81,0.518,0.2,0.532,0.601,107.0,105.0,87.5,105,0.421,1,94,94,94,15,143,174,178,147,174,149,153,15,67,170,99,52,23,150,1
2024-25,1610612766,CHA,Charlotte Hornets,0022400117,2024-10-30T00:00:00,CHA vs. TOR,W,48.0,129.0,134.0,126.4,129.1,2.5,4.9,0.633,1.94,20.4,0.396,0.571,0.478,0.155,0.628,0.657,106.1,103.0,85.83,103,0.49,1,1,1,1,15,5,178,72,94,71,42,15,181,125,111,9,11,49,101,1
2024-25,1610612754,IND,Indiana Pacers,0022400119,2024-10-30T00:00:00,IND vs. BOS,W,53.0,114.8,112.5,111.3,112.8,3.6,-0.3,0.66,1.74,19.3,0.345,0.676,0.528,0.158,0.553,0.589,107.0,107.32,89.43,120,0.543,1,1,1,1,1,98,93,95,71,100,55,47,125,49,114,68,74,11,65,1
2024-25,1610612740,NOP,New Orleans Pelicans,0022400126,2024-10-30T00:00:00,NOP @ GSW,L,48.0,92.9,94.7,111.0,111.8,-18.1,-17.1,0.727,1.6,17.1,0.361,0.696,0.505,0.16,0.428,0.45,94.8,93.5,77.92,94,0.41,1,94,94,94,15,179,85,167,28,113,113,40,100,88,115,181,182,177,160,1
2024-25,1610612753,ORL,Orlando Magic,0022400123,2024-10-30T00:00:00,ORL @ CHI,L,48.0,98.2,97.1,101.0,100.0,-2.8,-2.9,0.714,2.08,18.8,0.135,0.784,0.456,0.118,0.471,0.522,100.9,102.0,85.0,102,0.493,1,94,94,94,15,174,20,107,36,54,68,185,30,158,42,160,153,61,99,1
2024-25,1610612751,BKN,Brooklyn Nets,0022400124,2024-10-30T00:00:00,BKN @ MEM,W,48.0,116.7,120.2,102.2,107.1,14.5,13.1,0.659,1.42,19.6,0.325,0.609,0.477,0.192,0.606,0.654,102.9,99.0,82.5,99,0.55,1,1,1,1,15,35,55,33,72,133,50,60,169,129,163,24,15,109,59,1
2024-25,1610612759,SAS,San Antonio Spurs,0022400125,2024-10-30T00:00:00,SAS @ OKC,L,48.0,93.3,93.0,103.4,106.1,-10.2,-13.1,0.629,1.0,15.9,0.314,0.816,0.56,0.22,0.482,0.513,100.6,99.5,82.92,100,0.44,1,94,94,94,15,180,50,152,99,174,142,75,11,17,176,152,160,103,138,1
2024-25,1610612764,WAS,Washington Wizards,0022400121,2024-10-30T00:00:00,WAS vs. ATL,W,48.0,122.0,125.5,109.8,113.2,12.2,12.3,0.681,2.0,21.6,0.238,0.64,0.457,0.151,0.625,0.672,109.1,106.0,88.33,106,0.556,1,1,1,1,15,20,96,38,59,60,27,144,146,157,105,12,3,15,54,1
2024-25,1610612752,NYK,New York Knicks,0022400122,2024-10-30T00:00:00,NYK @ MIA,W,48.0,122.4,123.4,113.2,112.6,9.2,10.8,0.75,2.73,22.6,0.209,0.783,0.506,0.117,0.598,0.639,94.7,94.5,78.75,94,0.558,1,1,1,1,15,24,90,44,17,17,20,159,31,81,41,29,25,169,52,1
2024-25,1610612765,DET,Detroit Pistons,0022400120,2024-10-30T00:00:00,DET @ PHI,W,48.0,113.3,114.1,102.9,103.3,10.4,10.9,0.639,1.35,17.8,0.311,0.8,0.568,0.185,0.558,0.599,92.5,92.0,76.67,92,0.558,1,1,1,1,15,80,40,43,89,141,101,79,21,13,159,64,58,183,51,1
2024-25,1610612755,PHI,Philadelphia 76ers,0022400120,2024-10-30T00:00:00,PHI vs. DET,L,48.0,102.9,103.3,113.3,114.1,-10.4,-10.9,0.515,1.89,14.4,0.2,0.689,0.432,0.098,0.468,0.52,92.5,92.0,76.67,92,0.442,1,94,94,94,15,147,107,144,164,83,166,164,107,174,19,163,155,183,136,1
2024-25,1610612748,MIA,Miami Heat,0022400122,2024-10-30T00:00:00,MIA vs. NYK,L,48.0,113.2,112.6,122.4,123.4,-9.2,-10.8,0.73,2.7,20.5,0.217,0.791,0.494,0.105,0.562,0.584,94.7,94.5,78.75,95,0.442,1,94,94,94,15,97,163,143,26,18,41,155,28,106,28,59,78,169,135,1
2024-25,1610612760,OKC,Oklahoma City Thunder,0022400125,2024-10-30T00:00:00,OKC vs. SAS,W,48.0,103.4,106.1,93.3,93.0,10.2,13.1,0.683,2.0,20.6,0.184,0.686,0.44,0.141,0.556,0.567,100.6,99.5,82.92,99,0.56,1,1,1,1,15,137,7,35,56,60,38,176,110,170,85,65,103,103,49,1
2024-25,1610612737,ATL,Atlanta Hawks,0022400121,2024-10-30T00:00:00,ATL @ WAS,L,48.0,109.8,113.2,122.0,125.5,-12.2,-12.3,0.622,1.65,18.5,0.36,0.762,0.543,0.16,0.537,0.576,109.1,106.0,88.33,106,0.444,1,94,94,94,15,91,167,149,104,108,75,41,43,30,116,91,88,15,133,1
2024-25,1610612757,POR,Portland Trail Blazers,0022400127,2024-10-30T00:00:00,POR @ LAC,W,48.0,107.9,111.6,106.1,111.7,1.7,-0.1,0.463,1.46,14.5,0.321,0.673,0.5,0.137,0.522,0.545,98.6,94.5,78.75,95,0.495,1,1,1,1,15,104,84,94,179,131,164,64,131,90,76,112,123,169,98,1
2024-25,1610612744,GSW,Golden State Warriors,0022400126,2024-10-30T00:00:00,GSW vs. NOP,W,48.0,111.0,111.8,92.9,94.7,18.1,17.1,0.78,2.29,23.0,0.304,0.639,0.495,0.151,0.546,0.561,94.8,93.5,77.92,93,0.59,1,1,1,1,15,102,8,20,12,37,16,86,147,99,103,78,112,177,27,1
2024-25,1610612738,BOS,Boston Celtics,0022400119,2024-10-30T00:00:00,BOS @ IND,L,53.0,111.3,112.8,114.8,112.5,-3.6,0.3,0.523,1.64,14.2,0.324,0.655,0.472,0.12,0.491,0.538,107.0,107.32,89.43,117,0.457,1,94,94,94,1,94,89,92,162,109,169,62,140,138,44,141,131,11,122,1
2024-25,1610612763,MEM,Memphis Grizzlies,0022400124,2024-10-30T00:00:00,MEM vs. BKN,L,48.0,102.2,107.1,116.7,120.2,-14.5,-13.1,0.711,1.23,18.9,0.391,0.675,0.523,0.222,0.519,0.565,102.9,99.0,82.5,99,0.45,1,94,94,94,15,132,152,153,40,153,64,18,127,58,179,114,106,109,128,1
2024-25,1610612739,CLE,Cleveland Cavaliers,0022400118,2024-10-30T00:00:00,CLE vs. LAL,W,48.0,125.8,127.6,102.3,104.8,23.5,22.9,0.661,3.08,24.8,0.19,0.78,0.482,0.114,0.665,0.667,107.0,105.0,87.5,105,0.579,1,1,1,1,15,13,44,9,70,13,1,172,33,120,37,2,6,23,37,1
2024-25,1610612740,NOP,New Orleans Pelicans,0022400116,2024-10-29T00:00:00,NOP @ GSW,L,48.0,106.5,110.4,124.3,129.2,-17.9,-18.7,0.575,0.96,17.6,0.324,0.673,0.528,0.25,0.601,0.627,99.6,96.0,80.0,96,0.438,1,94,94,94,15,111,179,172,134,178,106,61,128,50,184,26,31,153,139,1
2024-25,1610612758,SAC,Sacramento Kings,0022400115,2024-10-29T00:00:00,SAC @ UTA,W,48.0,111.7,115.3,95.8,98.0,15.9,17.3,0.542,2.17,18.8,0.311,0.732,0.545,0.122,0.565,0.576,100.7,98.0,81.67,98,0.606,1,1,1,1,15,70,15,19,151,43,66,79,66,28,47,57,89,123,15,1
2024-25,1610612742,DAL,Dallas Mavericks,0022400114,2024-10-29T00:00:00,DAL @ MIN,W,48.0,121.3,122.4,117.0,117.5,4.3,4.9,0.556,2.5,18.2,0.3,0.705,0.489,0.102,0.57,0.595,98.2,97.5,81.25,98,0.515,1,1,1,1,15,26,129,69,146,23,84,92,88,113,24,49,65,131,82,1
2024-25,1610612762,UTA,Utah Jazz,0022400115,2024-10-29T00:00:00,UTA vs. SAC,L,48.0,95.8,98.0,111.7,115.3,-15.9,-17.3,0.686,1.41,17.5,0.268,0.689,0.455,0.173,0.472,0.504,100.7,98.0,81.67,98,0.394,1,94,94,94,15,172,117,168,55,135,108,121,107,159,139,159,166,123,172,1
2024-25,1610612750,MIN,Minnesota Timberwolves,0022400114,2024-10-29T00:00:00,MIN vs. DAL,L,48.0,117.0,117.5,121.3,122.4,-4.3,-4.9,0.846,1.65,23.1,0.295,0.7,0.511,0.206,0.63,0.645,98.2,97.5,81.25,97,0.485,1,94,94,94,15,57,161,118,1,107,15,97,94,73,174,8,18,131,105,1
2024-25,1610612743,DEN,Denver Nuggets,0022400113,2024-10-29T00:00:00,DEN @ BKN,W,53.0,136.3,137.1,126.5,131.1,9.8,6.0,0.674,6.2,20.8,0.265,0.729,0.495,0.048,0.59,0.656,97.6,95.55,79.62,105,0.526,1,1,1,1,1,2,181,63,63,2,34,123,68,101,2,36,12,163,76,1
2024-25,1610612744,GSW,Golden State Warriors,0022400116,2024-10-29T00:00:00,GSW vs. NOP,W,48.0,124.3,129.2,106.5,110.4,17.9,18.7,0.739,4.25,23.1,0.327,0.676,0.472,0.083,0.582,0.604,99.6,96.0,80.0,96,0.562,1,1,1,1,15,8,75,15,23,4,14,57,126,137,7,41,47,153,48,1
2024-25,1610612751,BKN,Brooklyn Nets,0022400113,2024-10-29T00:00:00,BKN vs. DEN,L,53.0,126.5,131.1,136.3,137.1,-9.8,-6.0,0.755,4.11,23.7,0.271,0.735,0.505,0.085,0.615,0.644,97.6,95.55,79.62,106,0.474,1,94,94,94,1,6,185,124,16,5,6,119,63,85,9,20,19,163,111,1
2024-25,1610612762,UTA,Utah Jazz,0022400110,2024-10-28T00:00:00,UTA @ DAL,L,48.0,97.4,101.0,106.3,110.0,-8.9,-9.0,0.706,1.6,16.3,0.367,0.673,0.513,0.149,0.424,0.487,104.1,100.5,83.75,101,0.447,1,94,94,94,15,158,72,137,42,113,135,37,131,71,97,182,177,85,130,1
2024-25,1610612752,NYK,New York Knicks,0022400106,2024-10-28T00:00:00,NYK vs. CLE,L,48.0,103.1,108.3,112.8,112.2,-9.7,-3.9,0.55,1.38,16.1,0.365,0.705,0.521,0.167,0.494,0.531,99.2,97.0,80.83,96,0.453,1,94,94,94,15,123,86,112,150,139,139,38,88,64,128,140,142,143,124,1
2024-25,1610612764,WAS,Washington Wizards,0022400103,2024-10-28T00:00:00,WAS @ ATL,W,48.0,110.3,115.2,111.4,112.3,-1.1,3.0,0.585,1.33,16.8,0.275,0.778,0.51,0.171,0.566,0.601,108.3,105.5,87.92,105,0.458,1,1,1,1,15,71,87,79,128,143,125,113,37,75,137,52,53,19,120,1
2024-25,1610612763,MEM,Memphis Grizzlies,0022400108,2024-10-28T00:00:00,MEM vs. CHI,L,48.0,113.1,118.3,119.5,120.0,-6.3,-1.7,0.725,3.7,22.7,0.354,0.759,0.545,0.096,0.523,0.527,107.1,104.5,87.08,104,0.488,1,94,94,94,15,50,150,98,29,7,19,45,46,27,15,109,146,29,102,1
2024-25,1610612747,LAL,Los Angeles Lakers,0022400111,2024-10-28T00:00:00,LAL @ PHX,L,48.0,102.0,108.2,111.5,113.5,-9.4,-5.3,0.641,2.08,17.9,0.305,0.755,0.509,0.124,0.489,0.515,100.4,96.5,80.42,97,0.462,1,94,94,94,15,125,98,121,86,54,100,85,49,79,49,142,158,151,117,1
2024-25,1610612757,POR,Portland Trail Blazers,0022400112,2024-10-28T00:00:00,POR @ SAC,L,48.0,95.9,100.0,112.1,114.4,-16.2,-14.4,0.486,0.94,12.9,0.327,0.756,0.526,0.184,0.446,0.509,100.6,97.5,81.25,98,0.421,1,94,94,94,15,160,110,159,173,179,181,57,48,54,156,175,162,131,149,1
2024-25,1610612749,MIL,Milwaukee Bucks,0022400104,2024-10-28T00:00:00,MIL @ BOS,L,48.0,103.2,105.9,112.9,117.8,-9.7,-11.9,0.486,1.06,13.8,0.204,0.809,0.5,0.167,0.5,0.565,105.0,101.5,84.58,102,0.441,1,94,94,94,15,138,134,148,172,170,173,163,16,90,128,132,107,69,137,1
2024-25,1610612761,TOR,Toronto Raptors,0022400107,2024-10-28T00:00:00,TOR vs. DEN,L,53.0,108.5,109.6,115.2,112.4,-6.8,-2.7,0.612,2.0,18.1,0.387,0.712,0.535,0.132,0.495,0.529,102.1,102.79,85.66,114,0.469,1,94,94,94,1,116,88,106,110,60,91,25,83,40,63,137,143,55,114,1
2024-25,1610612754,IND,Indiana Pacers,0022400102,2024-10-28T00:00:00,IND @ ORL,L,48.0,115.9,113.9,114.7,119.0,1.2,-5.1,0.61,1.92,17.7,0.302,0.66,0.47,0.129,0.54,0.568,101.5,100.5,83.75,101,0.463,1,94,94,94,15,84,143,119,112,75,102,88,138,141,55,87,100,85,116,1
2024-25,1610612759,SAS,San Antonio Spurs,0022400109,2024-10-28T00:00:00,SAS vs. HOU,L,48.0,104.9,107.4,112.1,115.2,-7.2,-7.8,0.595,1.29,16.4,0.396,0.692,0.543,0.181,0.483,0.525,95.4,93.0,77.5,94,0.497,1,94,94,94,15,129,115,129,121,147,134,12,105,31,150,150,149,181,94,1
2024-25,1610612745,HOU,Houston Rockets,0022400109,2024-10-28T00:00:00,HOU @ SAS,W,48.0,112.1,115.2,104.9,107.4,7.2,7.8,0.571,1.67,15.6,0.308,0.604,0.457,0.13,0.5,0.555,95.4,93.0,77.5,92,0.503,1,1,1,1,15,72,58,58,136,104,151,82,173,156,60,132,115,181,93,1
2024-25,1610612748,MIA,Miami Heat,0022400105,2024-10-28T00:00:00,MIA vs. DET,W,48.0,107.3,110.4,101.6,102.1,5.7,8.3,0.632,2.0,17.9,0.264,0.643,0.459,0.125,0.517,0.548,97.6,96.0,80.0,96,0.595,1,1,1,1,15,111,33,54,95,60,97,125,145,155,52,116,119,153,24,1
2024-25,1610612758,SAC,Sacramento Kings,0022400112,2024-10-28T00:00:00,SAC vs. POR,W,48.0,112.1,114.4,95.9,100.0,16.2,14.4,0.676,1.56,18.8,0.244,0.673,0.474,0.165,0.543,0.603,100.6,97.5,81.25,97,0.579,1,1,1,1,15,77,20,28,60,121,68,139,128,133,125,84,48,131,38,1
2024-25,1610612738,BOS,Boston Celtics,0022400104,2024-10-28T00:00:00,BOS vs. MIL,W,48.0,112.9,117.8,103.2,105.9,9.7,11.9,0.558,1.71,17.9,0.191,0.796,0.5,0.139,0.598,0.624,105.0,101.5,84.58,101,0.559,1,1,1,1,15,53,49,39,144,102,97,170,24,90,80,28,36,69,50,1
2024-25,1610612742,DAL,Dallas Mavericks,0022400110,2024-10-28T00:00:00,DAL vs. UTA,W,48.0,106.3,110.0,97.4,101.0,8.9,9.0,0.628,1.93,18.6,0.327,0.633,0.487,0.14,0.511,0.537,104.1,100.5,83.75,100,0.553,1,1,1,1,15,115,29,50,101,72,74,55,150,116,82,126,134,85,57,1
2024-25,1610612739,CLE,Cleveland Cavaliers,0022400106,2024-10-28T00:00:00,CLE @ NYK,W,48.0,112.8,112.2,103.1,108.3,9.7,3.9,0.538,1.5,16.0,0.295,0.635,0.479,0.143,0.549,0.594,99.2,97.0,80.83,98,0.547,1,1,1,1,15,101,64,75,152,127,140,97,149,123,89,73,66,143,63,1
2024-25,1610612737,ATL,Atlanta Hawks,0022400103,2024-10-28T00:00:00,ATL vs. WAS,L,48.0,111.4,112.3,110.3,115.2,1.1,-3.0,0.821,2.0,21.6,0.222,0.725,0.49,0.151,0.574,0.614,108.3,105.5,87.92,106,0.542,1,94,94,94,15,100,116,108,8,60,27,147,73,111,105,45,41,19,67,1
2024-25,1610612765,DET,Detroit Pistons,0022400105,2024-10-28T00:00:00,DET @ MIA,L,48.0,101.6,102.1,107.3,110.4,-5.7,-8.3,0.4,0.82,10.8,0.357,0.736,0.541,0.177,0.462,0.498,97.6,96.0,80.0,96,0.405,1,94,94,94,15,154,75,133,185,183,185,42,61,32,145,168,169,153,163,1
2024-25,1610612756,PHX,Phoenix Suns,0022400111,2024-10-28T00:00:00,PHX vs. LAL,W,48.0,111.5,113.5,102.0,108.2,9.4,5.3,0.525,1.91,16.3,0.245,0.695,0.491,0.115,0.523,0.569,100.4,96.5,80.42,96,0.538,1,1,1,1,15,88,62,66,157,80,137,138,102,108,38,107,95,151,70,1
2024-25,1610612753,ORL,Orlando Magic,0022400102,2024-10-28T00:00:00,ORL vs. IND,W,48.0,114.7,119.0,115.9,113.9,-1.2,5.1,0.667,1.73,18.3,0.34,0.698,0.53,0.15,0.548,0.597,101.5,100.5,83.75,100,0.537,1,1,1,1,15,42,101,68,66,101,82,49,98,45,102,75,64,85,71,1
2024-25,1610612743,DEN,Denver Nuggets,0022400107,2024-10-28T00:00:00,DEN @ TOR,W,53.0,115.2,112.4,108.5,109.6,6.8,2.7,0.617,1.81,18.5,0.288,0.613,0.465,0.142,0.536,0.582,102.1,102.79,85.66,113,0.531,1,1,1,1,1,99,71,81,107,90,79,103,162,147,88,93,84,55,73,1
2024-25,1610612741,CHI,Chicago Bulls,0022400108,2024-10-28T00:00:00,CHI @ MEM,W,48.0,119.5,120.0,113.1,118.3,6.3,1.7,0.8,4.0,23.4,0.241,0.646,0.455,0.086,0.575,0.586,107.1,104.5,87.08,105,0.512,1,1,1,1,15,36,136,89,9,6,11,141,142,160,10,44,76,29,85,1
2024-25,1610612746,LAC,LA Clippers,0022400101,2024-10-27T00:00:00,LAC @ GSW,W,48.0,107.6,108.7,99.4,100.0,8.2,8.7,0.643,1.5,18.5,0.314,0.685,0.505,0.175,0.522,0.559,104.4,103.5,86.25,103,0.573,1,1,1,1,15,120,20,53,83,127,77,75,113,87,141,110,113,43,43,1
2024-25,1610612751,BKN,Brooklyn Nets,0022400098,2024-10-27T00:00:00,BKN vs. MIL,W,48.0,113.7,116.2,103.4,103.0,10.3,13.1,0.59,1.92,16.8,0.283,0.795,0.515,0.121,0.516,0.569,99.9,99.0,82.5,99,0.523,1,1,1,1,15,65,39,33,126,77,122,107,25,69,46,118,96,109,77,1
2024-25,1610612755,PHI,Philadelphia 76ers,0022400097,2024-10-27T00:00:00,PHI @ IND,W,53.0,105.7,108.3,101.8,105.6,3.9,2.7,0.357,0.75,10.0,0.448,0.735,0.579,0.183,0.485,0.528,101.3,98.26,81.89,109,0.483,1,1,1,1,1,124,48,82,186,185,186,4,63,9,155,146,144,121,106,1
2024-25,1610612754,IND,Indiana Pacers,0022400097,2024-10-27T00:00:00,IND vs. PHI,L,53.0,101.8,105.6,105.7,108.3,-3.9,-2.7,0.718,1.4,18.9,0.265,0.552,0.421,0.185,0.542,0.576,101.3,98.26,81.89,108,0.517,1,94,94,94,1,139,63,105,34,138,63,123,183,178,160,86,87,121,81,1
2024-25,1610612760,OKC,Oklahoma City Thunder,0022400100,2024-10-27T00:00:00,OKC vs. ATL,W,48.0,125.4,125.5,97.4,103.0,28.0,22.5,0.591,2.6,18.2,0.306,0.617,0.477,0.098,0.584,0.621,104.4,101.5,84.58,102,0.636,1,1,1,1,15,19,38,12,125,21,86,83,159,126,20,38,39,69,7,1
2024-25,1610612749,MIL,Milwaukee Bucks,0022400098,2024-10-27T00:00:00,MIL @ BKN,L,48.0,103.4,103.0,113.7,116.2,-10.3,-13.1,0.606,1.11,15.7,0.205,0.717,0.485,0.182,0.514,0.582,99.9,99.0,82.5,99,0.477,1,94,94,94,15,148,122,153,114,166,148,161,80,118,153,120,83,109,110,1
2024-25,1610612737,ATL,Atlanta Hawks,0022400100,2024-10-27T00:00:00,ATL @ OKC,L,48.0,97.4,103.0,125.4,125.5,-28.0,-22.5,0.667,1.2,16.2,0.383,0.694,0.523,0.198,0.451,0.501,104.4,101.5,84.58,101,0.364,1,94,94,94,15,149,168,175,66,157,138,28,103,59,169,174,168,69,180,1
2024-25,1610612740,NOP,New Orleans Pelicans,0022400099,2024-10-27T00:00:00,NOP @ POR,L,48.0,102.4,106.2,123.7,128.9,-21.2,-22.7,0.632,1.41,16.9,0.396,0.5,0.449,0.175,0.477,0.523,100.8,97.0,80.83,97,0.416,1,94,94,94,15,135,177,176,95,135,118,12,185,165,143,155,152,143,155,1
2024-25,1610612757,POR,Portland Trail Blazers,0022400099,2024-10-27T00:00:00,POR vs. NOP,W,48.0,123.7,128.9,102.4,106.2,21.2,22.7,0.581,1.56,16.8,0.5,0.604,0.551,0.165,0.538,0.584,100.8,97.0,80.83,97,0.584,1,1,1,1,15,10,51,11,131,121,127,2,173,22,125,89,80,143,32,1
2024-25,1610612744,GSW,Golden State Warriors,0022400101,2024-10-27T00:00:00,GSW vs. LAC,L,48.0,99.4,100.0,107.6,108.7,-8.2,-8.7,0.5,0.9,13.6,0.315,0.686,0.495,0.202,0.511,0.532,104.4,103.5,86.25,104,0.427,1,94,94,94,15,160,66,134,167,181,175,73,110,100,172,122,140,43,144,1
2024-25,1610612760,OKC,Oklahoma City Thunder,0022400091,2024-10-26T00:00:00,OKC @ CHI,W,48.0,97.6,99.1,81.4,82.6,16.2,16.5,0.467,2.1,14.4,0.172,0.778,0.472,0.087,0.458,0.492,116.7,115.0,95.83,115,0.608,1,1,1,1,15,168,1,22,176,50,168,181,37,135,11,170,174,1,13,1
2024-25,1610612763,MEM,Memphis Grizzlies,0022400092,2024-10-26T00:00:00,MEM vs. ORL,W,48.0,114.2,118.1,104.4,106.7,9.8,11.4,0.826,2.11,24.7,0.279,0.685,0.505,0.171,0.61,0.642,107.4,104.5,87.08,105,0.604,1,1,1,1,15,52,53,41,5,48,2,110,113,85,137,21,21,29,17,1
2024-25,1610612739,CLE,Cleveland Cavaliers,0022400090,2024-10-26T00:00:00,CLE @ WAS,W,48.0,123.9,127.4,108.3,111.5,15.6,15.8,0.574,1.59,18.1,0.37,0.645,0.528,0.16,0.636,0.656,108.0,105.0,87.5,106,0.6,1,1,1,1,15,15,81,26,135,116,89,36,143,51,116,7,13,23,20,2
2024-25,1610612748,MIA,Miami Heat,0022400088,2024-10-26T00:00:00,MIA @ CHA,W,48.0,114.8,116.3,102.7,108.2,12.1,8.2,0.825,2.36,22.8,0.306,0.604,0.461,0.143,0.547,0.58,101.3,98.0,81.67,98,0.596,1,1,1,1,15,63,61,55,6,33,18,83,173,151,89,76,85,123,22,1
2024-25,1610612756,PHX,Phoenix Suns,0022400095,2024-10-26T00:00:00,PHX vs. DAL,W,48.0,113.7,117.5,104.2,104.1,9.5,13.4,0.722,2.36,19.4,0.239,0.754,0.524,0.113,0.538,0.592,99.1,97.5,81.25,97,0.589,1,1,1,1,15,57,42,31,30,32,54,143,50,57,35,90,68,131,30,1
2024-25,1610612741,CHI,Chicago Bulls,0022400091,2024-10-26T00:00:00,CHI vs. OKC,L,48.0,81.4,82.6,97.6,99.1,-16.2,-16.5,0.719,0.88,15.1,0.222,0.828,0.528,0.226,0.429,0.467,116.7,115.0,95.83,115,0.392,1,94,94,94,15,186,19,165,31,182,153,147,6,52,182,180,181,1,174,1
2024-25,1610612759,SAS,San Antonio Spurs,0022400094,2024-10-26T00:00:00,SAS vs. HOU,W,48.0,110.9,113.5,101.7,111.6,9.2,2.0,0.59,1.35,17.6,0.317,0.702,0.541,0.177,0.544,0.597,101.3,95.5,79.58,96,0.583,1,1,1,1,15,88,82,87,126,141,106,69,93,33,145,82,63,165,33,1
2024-25,1610612738,BOS,Boston Celtics,0022400089,2024-10-26T00:00:00,BOS @ DET,W,48.0,123.8,126.5,113.8,121.6,9.9,4.9,0.5,1.9,14.2,0.327,0.617,0.465,0.102,0.544,0.601,101.9,97.5,81.25,98,0.496,1,1,1,1,15,18,156,71,167,82,170,57,158,148,24,81,54,131,95,1
2024-25,1610612753,ORL,Orlando Magic,0022400092,2024-10-26T00:00:00,ORL @ MEM,L,48.0,104.4,106.7,114.2,118.1,-9.8,-11.4,0.568,1.11,15.0,0.315,0.721,0.495,0.183,0.523,0.559,107.4,104.5,87.08,104,0.396,1,94,94,94,15,134,135,146,141,167,155,73,77,101,154,107,114,29,170,1
2024-25,1610612761,TOR,Toronto Raptors,0022400093,2024-10-26T00:00:00,TOR @ MIN,L,48.0,97.4,101.0,113.8,110.9,-16.4,-9.9,0.707,1.45,20.0,0.314,0.787,0.541,0.2,0.511,0.528,101.1,100.5,83.75,100,0.435,1,94,94,94,15,156,79,140,41,132,46,75,29,33,170,125,145,85,141,1
2024-25,1610612764,WAS,Washington Wizards,0022400090,2024-10-26T00:00:00,WAS vs. CLE,L,48.0,108.3,111.5,123.9,127.4,-15.6,-15.8,0.676,1.67,16.6,0.355,0.63,0.472,0.144,0.464,0.527,108.0,105.0,87.5,104,0.4,1,94,94,94,15,106,172,161,60,104,129,44,151,136,93,167,148,23,167,2
2024-25,1610612750,MIN,Minnesota Timberwolves,0022400093,2024-10-26T00:00:00,MIN vs. TOR,W,48.0,113.8,110.9,97.4,101.0,16.4,9.9,0.744,2.23,20.7,0.213,0.686,0.459,0.129,0.554,0.593,101.1,100.5,83.75,101,0.565,1,1,1,1,15,108,30,47,22,40,36,158,110,153,55,66,67,85,46,1
2024-25,1610612743,DEN,Denver Nuggets,0022400087,2024-10-26T00:00:00,DEN vs. LAC,L,48.0,106.6,107.2,112.1,114.7,-5.5,-7.5,0.571,2.0,15.2,0.278,0.705,0.469,0.103,0.483,0.533,97.4,96.0,80.0,97,0.461,1,94,94,94,15,131,113,127,136,60,152,112,88,143,27,150,139,153,118,1
2024-25,1610612745,HOU,Houston Rockets,0022400094,2024-10-26T00:00:00,HOU @ SAS,L,48.0,101.7,111.6,110.9,113.5,-9.2,-2.0,0.553,1.91,15.9,0.298,0.683,0.459,0.116,0.484,0.524,101.3,95.5,79.58,95,0.417,1,94,94,94,15,104,98,100,147,80,145,94,118,153,39,147,151,165,154,1
2024-25,1610612758,SAC,Sacramento Kings,0022400096,2024-10-26T00:00:00,SAC @ LAL,L,48.0,117.6,119.8,120.7,122.4,-3.1,-2.6,0.711,2.29,21.9,0.182,0.622,0.404,0.132,0.597,0.641,108.3,106.5,88.75,106,0.496,1,94,94,94,15,38,160,103,39,37,25,177,157,182,65,30,22,13,97,1
2024-25,1610612766,CHA,Charlotte Hornets,0022400088,2024-10-26T00:00:00,CHA vs. MIA,L,48.0,102.7,108.2,114.8,116.3,-12.1,-8.2,0.513,1.0,14.4,0.396,0.694,0.539,0.204,0.511,0.539,101.3,98.0,81.67,98,0.404,1,94,94,94,15,126,124,132,165,174,167,12,103,35,173,123,129,123,165,1
2024-25,1610612765,DET,Detroit Pistons,0022400089,2024-10-26T00:00:00,DET vs. BOS,L,48.0,113.8,121.6,123.8,126.5,-9.9,-4.9,0.628,1.8,19.0,0.383,0.673,0.535,0.155,0.568,0.604,101.9,97.5,81.25,97,0.504,1,94,94,94,15,31,169,116,101,93,61,29,128,39,108,50,46,131,92,1
2024-25,1610612742,DAL,Dallas Mavericks,0022400095,2024-10-26T00:00:00,DAL @ PHX,L,48.0,104.2,104.1,113.7,117.5,-9.5,-13.4,0.595,2.44,16.5,0.246,0.761,0.476,0.092,0.468,0.505,99.1,97.5,81.25,98,0.411,1,94,94,94,15,144,129,156,121,27,130,137,44,130,14,164,165,131,157,1
2024-25,1610612746,LAC,LA Clippers,0022400087,2024-10-26T00:00:00,LAC @ DEN,W,48.0,112.1,114.7,106.6,107.2,5.5,7.5,0.75,1.76,21.7,0.295,0.722,0.531,0.179,0.561,0.597,97.4,96.0,80.0,95,0.539,1,1,1,1,15,74,56,60,17,98,26,97,75,43,149,61,62,153,69,1
2024-25,1610612747,LAL,Los Angeles Lakers,0022400096,2024-10-26T00:00:00,LAL vs. SAC,W,48.0,120.7,122.4,117.6,119.8,3.1,2.6,0.667,1.68,20.5,0.378,0.818,0.596,0.178,0.598,0.639,108.3,106.5,88.75,107,0.504,1,1,1,1,15,27,149,84,66,103,40,30,9,5,148,27,26,13,90,1
2024-25,1610612765,DET,Detroit Pistons,0022400080,2024-10-25T00:00:00,DET @ CLE,L,48.0,98.6,101.0,112.9,114.1,-14.3,-13.1,0.658,1.14,18.2,0.261,0.818,0.533,0.22,0.549,0.571,101.3,99.5,82.92,100,0.397,1,94,94,94,15,156,108,155,74,164,84,128,9,41,176,71,94,103,169,1
2024-25,1610612766,CHA,Charlotte Hornets,0022400079,2024-10-25T00:00:00,CHA @ ATL,L,48.0,113.6,116.5,119.4,119.0,-5.8,-2.5,0.595,1.22,14.6,0.433,0.733,0.562,0.175,0.495,0.547,105.2,104.0,86.67,103,0.423,1,94,94,94,15,61,146,101,121,155,163,5,65,16,141,139,121,37,148,1
2024-25,1610612763,MEM,Memphis Grizzlies,0022400082,2024-10-25T00:00:00,MEM @ HOU,L,48.0,96.6,100.0,116.5,117.4,-20.0,-17.4,0.632,1.26,15.9,0.317,0.533,0.425,0.176,0.473,0.505,110.8,108.5,90.42,108,0.419,1,94,94,94,15,160,128,169,95,149,146,70,184,176,144,158,164,3,152,1
2024-25,1610612755,PHI,Philadelphia 76ers,0022400078,2024-10-25T00:00:00,PHI @ TOR,L,48.0,101.6,104.9,109.3,113.9,-7.7,-9.0,0.655,1.19,14.2,0.273,0.477,0.364,0.157,0.441,0.539,105.3,101.5,84.58,102,0.368,1,94,94,94,15,142,101,136,77,159,170,115,186,186,113,176,130,69,179,1
2024-25,1610612751,BKN,Brooklyn Nets,0022400077,2024-10-25T00:00:00,BKN @ ORL,L,48.0,97.8,102.0,118.9,118.4,-21.1,-16.3,0.629,1.16,16.5,0.255,0.825,0.505,0.192,0.506,0.547,100.4,98.5,82.08,99,0.35,1,94,94,94,15,155,138,164,99,163,130,132,7,82,163,128,120,115,182,1
2024-25,1610612754,IND,Indiana Pacers,0022400081,2024-10-25T00:00:00,IND @ NYK,L,48.0,99.2,100.0,125.8,126.8,-26.6,-26.8,0.683,1.75,20.1,0.289,0.707,0.488,0.163,0.512,0.534,98.3,97.5,81.25,98,0.409,1,94,94,94,15,160,170,182,56,99,45,102,86,115,120,121,138,131,161,1
2024-25,1610612741,CHI,Chicago Bulls,0022400083,2024-10-25T00:00:00,CHI @ MIL,W,48.0,124.2,122.0,109.9,114.0,14.2,8.0,0.652,3.0,20.0,0.22,0.76,0.49,0.092,0.589,0.627,109.1,108.0,90.0,109,0.55,1,1,1,1,15,28,106,57,78,14,46,151,45,110,13,37,32,7,60,1
2024-25,1610612753,ORL,Orlando Magic,0022400077,2024-10-25T00:00:00,ORL vs. BKN,W,48.0,118.9,118.4,97.8,102.0,21.1,16.3,0.718,2.15,21.1,0.175,0.745,0.495,0.133,0.62,0.648,100.4,98.5,82.08,98,0.65,1,1,1,1,15,48,32,23,34,44,30,180,55,104,66,18,17,115,5,1
2024-25,1610612761,TOR,Toronto Raptors,0022400078,2024-10-25T00:00:00,TOR vs. PHI,W,48.0,109.3,113.9,101.6,104.9,7.7,9.0,0.714,0.93,16.8,0.523,0.727,0.636,0.267,0.5,0.597,105.3,101.5,84.58,101,0.632,1,1,1,1,15,84,45,51,36,180,127,1,70,1,186,132,61,69,8,1
2024-25,1610612739,CLE,Cleveland Cavaliers,0022400080,2024-10-25T00:00:00,CLE vs. DET,W,48.0,112.9,114.1,98.6,101.0,14.3,13.1,0.667,2.15,20.9,0.182,0.739,0.467,0.131,0.591,0.613,101.3,99.5,82.92,99,0.603,1,1,1,1,15,79,30,32,66,44,31,177,59,146,62,35,42,103,18,1
2024-25,1610612752,NYK,New York Knicks,0022400081,2024-10-25T00:00:00,NYK vs. IND,W,48.0,125.8,126.8,99.2,100.0,26.6,26.8,0.432,1.58,14.8,0.293,0.711,0.512,0.124,0.595,0.636,98.3,97.5,81.25,97,0.591,1,1,1,1,15,17,20,5,184,117,158,101,85,72,49,32,29,131,26,1
2024-25,1610612745,HOU,Houston Rockets,0022400082,2024-10-25T00:00:00,HOU vs. MEM,W,48.0,116.5,117.4,96.6,100.0,20.0,17.4,0.465,1.05,12.8,0.467,0.683,0.575,0.174,0.526,0.562,110.8,108.5,90.42,109,0.581,1,1,1,1,15,59,20,18,177,171,182,3,116,11,140,104,109,3,35,1
2024-25,1610612737,ATL,Atlanta Hawks,0022400079,2024-10-25T00:00:00,ATL vs. CHA,W,48.0,119.4,119.0,113.6,116.5,5.8,2.5,0.641,1.79,17.6,0.267,0.567,0.438,0.133,0.568,0.64,105.2,104.0,86.67,105,0.577,1,1,1,1,15,41,126,86,86,96,105,122,182,171,67,51,24,37,39,1
2024-25,1610612762,UTA,Utah Jazz,0022400084,2024-10-25T00:00:00,UTA vs. GSW,L,48.0,77.2,82.7,121.4,123.3,-44.2,-40.6,0.621,0.82,12.5,0.343,0.607,0.463,0.212,0.364,0.416,108.0,103.5,86.25,104,0.269,1,94,94,94,15,185,162,186,105,184,183,48,170,149,175,186,186,43,186,1
2024-25,1610612747,LAL,Los Angeles Lakers,0022400085,2024-10-25T00:00:00,LAL vs. PHX,W,48.0,124.0,121.8,114.3,113.7,9.7,8.1,0.825,2.54,23.4,0.189,0.8,0.506,0.129,0.627,0.667,100.3,101.5,84.58,101,0.541,1,1,1,1,15,29,100,56,6,22,10,173,21,80,55,10,5,69,68,1
2024-25,1610612740,NOP,New Orleans Pelicans,0022400086,2024-10-25T00:00:00,NOP @ POR,W,48.0,102.3,102.9,94.7,101.0,7.6,2.0,0.694,1.79,18.0,0.259,0.691,0.477,0.137,0.488,0.527,105.7,102.0,85.0,102,0.509,1,1,1,1,15,150,28,88,45,96,94,129,106,126,78,143,147,61,87,1
2024-25,1610612744,GSW,Golden State Warriors,0022400084,2024-10-25T00:00:00,GSW @ UTA,W,48.0,121.4,123.3,77.2,82.7,44.2,40.6,0.686,2.33,22.0,0.393,0.657,0.537,0.146,0.575,0.584,108.0,103.5,86.25,103,0.731,1,1,1,1,15,25,2,1,54,34,23,17,139,38,94,43,77,43,1,1
2024-25,1610612757,POR,Portland Trail Blazers,0022400086,2024-10-25T00:00:00,POR vs. NOP,L,48.0,94.7,101.0,102.3,102.9,-7.6,-2.0,0.703,1.3,18.1,0.309,0.741,0.523,0.196,0.483,0.521,105.7,102.0,85.0,102,0.491,1,94,94,94,15,159,37,99,44,146,92,81,58,59,168,148,154,61,100,1
2024-25,1610612749,MIL,Milwaukee Bucks,0022400083,2024-10-25T00:00:00,MIL vs. CHI,L,48.0,109.9,114.0,124.2,122.0,-14.2,-8.0,0.522,1.6,16.8,0.24,0.78,0.51,0.14,0.565,0.587,109.1,108.0,90.0,107,0.45,1,94,94,94,15,81,159,130,163,113,125,142,35,77,84,58,75,7,127,1
2024-25,1610612756,PHX,Phoenix Suns,0022400085,2024-10-25T00:00:00,PHX @ LAL,L,48.0,114.3,113.7,124.0,121.8,-9.7,-8.1,0.833,2.06,24.3,0.2,0.811,0.494,0.167,0.616,0.648,100.3,101.5,84.58,102,0.459,1,94,94,94,15,87,158,131,2,58,3,164,14,107,128,19,16,69,119,1
2024-25,1610612764,WAS,Washington Wizards,0022400073,2024-10-24T00:00:00,WAS vs. BOS,L,48.0,94.5,99.0,117.4,117.3,-22.9,-18.3,0.659,1.8,18.5,0.286,0.7,0.481,0.146,0.468,0.496,105.9,103.5,86.25,103,0.436,1,94,94,94,15,169,127,170,72,93,77,105,94,121,94,161,172,43,140,1
2024-25,1610612738,BOS,Boston Celtics,0022400073,2024-10-24T00:00:00,BOS @ WAS,W,48.0,117.4,117.3,94.5,99.0,22.9,18.3,0.5,1.5,15.0,0.3,0.714,0.519,0.135,0.561,0.599,105.9,103.5,86.25,104,0.564,1,1,1,1,15,60,18,17,167,127,155,92,81,66,69,60,59,43,47,1
2024-25,1610612743,DEN,Denver Nuggets,0022400075,2024-10-24T00:00:00,DEN vs. OKC,L,48.0,84.3,87.9,96.9,104.1,-12.5,-16.2,0.829,1.81,19.0,0.391,0.683,0.532,0.162,0.393,0.418,104.2,98.5,82.08,99,0.472,1,94,94,94,15,183,42,163,3,90,62,19,116,42,118,184,185,115,113,1
2024-25,1610612760,OKC,Oklahoma City Thunder,0022400075,2024-10-24T00:00:00,OKC @ DEN,W,48.0,96.9,104.1,84.3,87.9,12.5,16.2,0.535,1.92,16.4,0.317,0.609,0.468,0.122,0.465,0.48,104.2,98.5,82.08,98,0.528,1,1,1,1,15,144,4,24,155,77,133,70,167,145,47,166,178,115,74,1
2024-25,1610612758,SAC,Sacramento Kings,0022400076,2024-10-24T00:00:00,SAC vs. MIN,L,48.0,112.3,112.7,112.0,115.8,0.3,-3.1,0.553,2.33,16.0,0.191,0.83,0.511,0.088,0.53,0.59,103.4,101.5,84.58,102,0.515,1,94,94,94,15,96,120,109,147,34,140,170,5,73,12,100,72,69,83,1
2024-25,1610612759,SAS,San Antonio Spurs,0022400074,2024-10-24T00:00:00,SAS @ DAL,L,48.0,105.3,103.8,114.2,115.4,-8.9,-11.6,0.769,1.58,20.3,0.286,0.698,0.518,0.181,0.523,0.564,104.3,104.5,87.08,105,0.504,1,94,94,94,15,146,118,147,13,118,44,105,96,68,151,106,108,29,91,2
2024-25,1610612750,MIN,Minnesota Timberwolves,0022400076,2024-10-24T00:00:00,MIN @ SAC,W,48.0,112.0,115.8,112.3,112.7,-0.3,3.1,0.585,1.41,18.0,0.17,0.809,0.489,0.168,0.593,0.626,103.4,101.5,84.58,101,0.485,1,1,1,1,15,67,91,78,128,135,93,182,16,113,132,33,34,69,104,1
2024-25,1610612742,DAL,Dallas Mavericks,0022400074,2024-10-24T00:00:00,DAL vs. SAS,W,48.0,114.2,115.4,105.3,103.8,8.9,11.6,0.643,2.7,18.1,0.302,0.714,0.482,0.096,0.505,0.535,104.3,104.5,87.08,104,0.496,1,1,1,1,15,69,41,40,83,18,89,90,81,119,15,131,137,29,96,2
2024-25,1610612763,MEM,Memphis Grizzlies,0022400070,2024-10-23T00:00:00,MEM @ UTA,W,48.0,119.9,120.0,115.0,119.2,4.9,0.8,0.651,2.15,18.8,0.296,0.612,0.447,0.124,0.566,0.6,106.4,104.5,87.08,105,0.478,1,1,1,1,15,36,147,91,79,44,70,96,163,168,51,52,55,29,109,1
2024-25,1610612762,UTA,Utah Jazz,0022400070,2024-10-23T00:00:00,UTA vs. MEM,L,48.0,115.0,119.2,119.9,120.0,-4.9,-0.8,0.525,1.24,14.6,0.388,0.704,0.553,0.163,0.529,0.592,106.4,104.5,87.08,104,0.522,1,94,94,94,15,40,150,96,157,152,162,23,91,19,123,101,69,29,78,1
2024-25,1610612751,BKN,Brooklyn Nets,0022400064,2024-10-23T00:00:00,BKN @ ATL,L,48.0,106.4,110.5,115.1,114.3,-8.7,-3.8,0.525,1.11,14.7,0.321,0.696,0.49,0.181,0.533,0.569,106.6,105.0,87.5,105,0.411,1,94,94,94,15,110,109,111,157,167,161,63,100,109,151,96,97,23,158,1
2024-25,1610612765,DET,Detroit Pistons,0022400063,2024-10-23T00:00:00,DET vs. IND,L,48.0,106.5,110.1,112.7,113.9,-6.2,-3.8,0.579,1.57,15.9,0.321,0.744,0.51,0.141,0.483,0.543,102.2,100.0,83.33,99,0.414,1,94,94,94,15,114,101,110,133,119,142,64,57,75,85,149,126,97,156,1
2024-25,1610612756,PHX,Phoenix Suns,0022400071,2024-10-23T00:00:00,PHX @ LAC,W,53.0,104.5,102.7,98.9,100.0,5.6,2.7,0.658,1.14,17.4,0.136,0.707,0.461,0.195,0.583,0.624,102.0,102.34,85.28,113,0.552,1,1,1,1,1,153,20,83,74,164,109,183,87,151,166,40,37,59,58,1
2024-25,1610612740,NOP,New Orleans Pelicans,0022400069,2024-10-23T00:00:00,NOP vs. CHI,W,48.0,110.6,113.9,101.8,102.8,8.7,11.1,0.644,2.42,19.5,0.231,0.78,0.5,0.111,0.536,0.579,110.1,108.0,90.0,108,0.572,1,1,1,1,15,83,35,42,82,28,52,145,35,90,34,94,86,7,44,1
2024-25,1610612766,CHA,Charlotte Hornets,0022400068,2024-10-23T00:00:00,CHA @ HOU,W,48.0,112.8,114.6,101.2,109.4,11.6,5.2,0.526,1.18,14.7,0.4,0.627,0.53,0.177,0.535,0.576,100.7,96.0,80.0,96,0.573,1,1,1,1,15,75,69,67,156,160,160,9,154,47,145,95,90,153,42,1
2024-25,1610612753,ORL,Orlando Magic,0022400065,2024-10-23T00:00:00,ORL @ MIA,W,48.0,114.1,118.4,100.2,100.0,13.8,18.4,0.683,2.0,18.8,0.39,0.808,0.586,0.143,0.521,0.549,99.2,97.5,81.25,98,0.576,1,1,1,1,15,48,20,16,56,60,70,22,18,8,89,113,118,131,40,1
2024-25,1610612748,MIA,Miami Heat,0022400065,2024-10-23T00:00:00,MIA vs. ORL,L,48.0,100.2,100.0,114.1,118.4,-13.8,-18.4,0.75,2.18,18.3,0.192,0.61,0.414,0.113,0.457,0.512,99.2,97.5,81.25,97,0.424,1,94,94,94,15,160,138,171,17,42,81,169,165,179,35,171,161,131,147,1
2024-25,1610612754,IND,Indiana Pacers,0022400063,2024-10-23T00:00:00,IND @ DET,W,48.0,112.7,113.9,106.5,110.1,6.2,3.8,0.762,2.13,22.2,0.256,0.679,0.49,0.149,0.56,0.612,102.2,100.0,83.33,101,0.586,1,1,1,1,15,84,73,77,14,47,22,130,122,111,97,62,43,97,31,1
2024-25,1610612737,ATL,Atlanta Hawks,0022400064,2024-10-23T00:00:00,ATL vs. BKN,W,48.0,115.1,114.3,106.4,110.5,8.7,3.8,0.641,1.56,17.4,0.304,0.679,0.51,0.152,0.544,0.599,106.6,105.0,87.5,105,0.589,1,1,1,1,15,78,77,76,86,121,109,86,124,78,107,83,60,23,29,1
2024-25,1610612745,HOU,Houston Rockets,0022400068,2024-10-23T00:00:00,HOU vs. CHA,L,48.0,101.2,109.4,112.8,114.6,-11.6,-5.2,0.5,2.38,13.6,0.373,0.6,0.47,0.083,0.432,0.47,100.7,96.0,80.0,96,0.427,1,94,94,94,15,118,112,120,167,31,175,33,176,140,7,179,180,153,145,1
2024-25,1610612755,PHI,Philadelphia 76ers,0022400066,2024-10-23T00:00:00,PHI vs. MIL,L,48.0,105.9,109.0,124.4,121.6,-18.5,-12.6,0.439,1.8,12.9,0.356,0.78,0.53,0.1,0.459,0.496,101.3,101.0,84.17,100,0.37,1,94,94,94,15,119,155,150,183,93,179,43,33,45,21,169,170,81,178,1
2024-25,1610612749,MIL,Milwaukee Bucks,0022400066,2024-10-23T00:00:00,MIL @ PHI,W,48.0,124.4,121.6,105.9,109.0,18.5,12.6,0.628,1.93,19.6,0.22,0.644,0.47,0.137,0.638,0.662,101.3,101.0,84.17,102,0.63,1,1,1,1,15,32,68,37,101,72,50,153,144,141,78,5,9,81,9,1
2024-25,1610612741,CHI,Chicago Bulls,0022400069,2024-10-23T00:00:00,CHI @ NOP,L,48.0,101.8,102.8,110.6,113.9,-8.7,-11.1,0.619,1.24,17.9,0.22,0.769,0.5,0.194,0.547,0.572,110.1,108.0,90.0,108,0.428,1,94,94,94,15,152,104,145,106,151,96,151,42,90,165,76,92,7,143,1
2024-25,1610612761,TOR,Toronto Raptors,0022400067,2024-10-23T00:00:00,TOR vs. CLE,L,48.0,102.2,102.9,131.5,134.7,-29.3,-31.7,0.694,1.32,16.9,0.385,0.718,0.527,0.184,0.488,0.537,103.6,102.0,85.0,103,0.352,1,94,94,94,15,151,183,184,45,144,120,26,78,53,158,143,135,61,181,1
2024-25,1610612739,CLE,Cleveland Cavaliers,0022400067,2024-10-23T00:00:00,CLE @ TOR,W,48.0,131.5,134.7,102.2,102.9,29.3,31.7,0.569,2.23,20.6,0.282,0.615,0.473,0.129,0.667,0.691,103.6,102.0,85.0,101,0.648,1,1,1,1,15,4,36,3,139,40,39,109,160,134,55,1,1,61,6,1
2024-25,1610612746,LAC,LA Clippers,0022400071,2024-10-23T00:00:00,LAC vs. PHX,L,53.0,98.9,100.0,104.5,102.7,-5.6,-2.7,0.643,1.23,17.3,0.293,0.864,0.539,0.195,0.5,0.537,102.0,102.34,85.28,113,0.448,1,94,94,94,1,160,34,104,83,153,111,100,3,35,166,132,132,59,129,1
2024-25,1610612744,GSW,Golden State Warriors,0022400072,2024-10-23T00:00:00,GSW @ POR,W,48.0,128.2,128.4,94.4,96.3,33.8,32.1,0.792,2.11,22.9,0.388,0.729,0.574,0.165,0.624,0.659,109.7,108.5,90.42,109,0.676,1,1,1,1,15,12,12,2,10,48,17,23,69,12,127,13,10,3,2,1
2024-25,1610612757,POR,Portland Trail Blazers,0022400072,2024-10-23T00:00:00,POR vs. GSW,L,48.0,94.4,96.3,128.2,128.4,-33.8,-32.1,0.583,1.17,14.5,0.271,0.612,0.426,0.167,0.435,0.494,109.7,108.5,90.42,108,0.324,1,94,94,94,15,175,175,185,130,161,165,118,163,175,128,177,173,3,185,1
2024-25,1610612750,MIN,Minnesota Timberwolves,0022400062,2024-10-22T00:00:00,MIN @ LAL,L,48.0,102.1,109.6,112.2,115.8,-10.1,-6.2,0.486,1.06,13.0,0.37,0.625,0.5,0.17,0.488,0.532,99.4,94.5,78.75,94,0.425,1,94,94,94,15,117,119,125,173,169,178,34,155,90,136,145,141,169,146,1
2024-25,1610612738,BOS,Boston Celtics,0022400061,2024-10-22T00:00:00,BOS vs. NYK,W,48.0,144.2,145.1,118.4,119.8,25.8,25.3,0.688,8.25,23.9,0.298,0.816,0.529,0.044,0.658,0.67,91.8,91.0,75.83,91,0.581,1,1,1,1,15,1,148,6,52,1,5,95,12,48,1,3,4,185,34,1
2024-25,1610612752,NYK,New York Knicks,0022400061,2024-10-22T00:00:00,NYK @ BOS,L,48.0,118.4,119.8,144.2,145.1,-25.8,-25.3,0.465,1.67,16.9,0.184,0.702,0.471,0.132,0.622,0.641,91.8,91.0,75.83,91,0.419,1,94,94,94,15,39,186,181,177,104,117,175,92,139,64,15,23,185,153,1
2024-25,1610612747,LAL,Los Angeles Lakers,0022400062,2024-10-22T00:00:00,LAL vs. MIN,W,48.0,112.2,115.8,102.1,109.6,10.1,6.2,0.524,3.14,15.9,0.375,0.63,0.5,0.074,0.468,0.519,99.4,94.5,78.75,95,0.575,1,1,1,1,15,68,70,62,161,10,142,31,152,90,5,161,157,169,41,1
