SEASON_YEAR,TEAM_ID,TEAM_ABBREVIATION,TEAM_NAME,GAME_ID,GAME_DATE,MATCHUP,WL,MIN,PCT_FGA_2PT,PCT_FGA_3PT,PCT_PTS_2PT,PCT_PTS_2PT_MR,PCT_PTS_3PT,PCT_PTS_FB,PCT_PTS_FT,PCT_PTS_OFF_TOV,PCT_PTS_PAINT,PCT_AST_2PM,PCT_UAST_2PM,PCT_AST_3PM,PCT_UAST_3PM,PCT_AST_FGM,PCT_UAST_FGM,GP_RANK,W_RANK,L_RANK,W_PCT_RANK,MIN_RANK,PCT_FGA_2PT_RANK,PCT_FGA_3PT_RANK,PCT_PTS_2PT_RANK,PCT_PTS_2PT_MR_RANK,PCT_PTS_3PT_RANK,PCT_PTS_FB_RANK,PCT_PTS_FT_RANK,PCT_PTS_OFF_TOV_RANK,PCT_PTS_PAINT_RANK,PCT_AST_2PM_RANK,PCT_UAST_2PM_RANK,PCT_AST_3PM_RANK,PCT_UAST_3PM_RANK,PCT_AST_FGM_RANK,PCT_UAST_FGM_RANK,AVAILABLE_FLAG
2024-25,1610612742,DAL,Dallas Mavericks,0022400153,2024-11-03T00:00:00,DAL vs. ORL,W,48.0,0.624,0.376,0.593,0.111,0.278,0.176,0.13,0.185,0.481,0.563,0.438,0.7,0.3,0.595,0.405,0,0,0,0,15,56,131,22,24,144,49,143,59,46,75,108,152,35,120,67,1
2024-25,1610612737,ATL,Atlanta Hawks,0022400152,2024-11-03T00:00:00,ATL @ NOP,W,48.0,0.591,0.409,0.556,0.032,0.357,0.183,0.087,0.19,0.524,0.543,0.457,0.667,0.333,0.58,0.42,0,0,0,0,15,83,104,41,150,92,40,170,55,29,88,97,161,22,132,55,1
2024-25,1610612753,ORL,Orlando Magic,0022400153,2024-11-03T00:00:00,ORL @ DAL,L,48.0,0.559,0.441,0.541,0.118,0.282,0.141,0.176,0.2,0.424,0.565,0.435,0.75,0.25,0.613,0.387,0,0,0,0,15,116,70,47,18,142,80,73,37,86,73,113,126,47,109,78,1
2024-25,1610612765,DET,Detroit Pistons,0022400151,2024-11-03T00:00:00,DET @ BKN,W,48.0,0.532,0.468,0.491,0.075,0.311,0.113,0.198,0.179,0.415,0.538,0.462,1.0,0.0,0.676,0.324,0,0,0,0,15,138,49,84,56,122,118,46,69,91,95,90,1,160,60,125,1
2024-25,1610612740,NOP,New Orleans Pelicans,0022400152,2024-11-03T00:00:00,NOP vs. ATL,L,48.0,0.578,0.422,0.414,0.126,0.432,0.063,0.153,0.171,0.288,0.391,0.609,0.813,0.188,0.564,0.436,0,0,0,0,15,99,88,144,14,33,167,105,76,173,167,19,98,88,142,45,1
2024-25,1610612751,BKN,Brooklyn Nets,0022400151,2024-11-03T00:00:00,BKN vs. DET,L,48.0,0.563,0.437,0.5,0.065,0.293,0.109,0.207,0.163,0.435,0.652,0.348,0.889,0.111,0.719,0.281,0,0,0,0,15,109,78,74,73,135,122,38,88,78,33,154,61,121,31,154,1
2024-25,1610612744,GSW,Golden State Warriors,0022400144,2024-11-02T00:00:00,GSW @ HOU,W,53.0,0.59,0.41,0.394,0.047,0.354,0.094,0.252,0.087,0.346,0.48,0.52,0.933,0.067,0.65,0.35,0,0,0,0,1,84,103,160,109,94,138,11,168,153,127,57,36,145,81,106,1
2024-25,1610612761,TOR,Toronto Raptors,0022400143,2024-11-02T00:00:00,TOR vs. SAC,W,53.0,0.611,0.389,0.443,0.061,0.389,0.206,0.168,0.198,0.382,0.552,0.448,0.882,0.118,0.674,0.326,0,0,0,0,1,70,117,122,81,60,21,90,41,129,83,102,67,119,63,123,1
2024-25,1610612738,BOS,Boston Celtics,0022400141,2024-11-02T00:00:00,BOS @ CHA,W,48.0,0.366,0.634,0.354,0.053,0.425,0.062,0.221,0.142,0.301,0.55,0.45,0.75,0.25,0.639,0.361,0,0,0,0,15,185,2,178,95,40,168,24,118,171,86,100,126,47,89,96,1
2024-25,1610612749,MIL,Milwaukee Bucks,0022400145,2024-11-02T00:00:00,MIL vs. CLE,L,48.0,0.562,0.438,0.442,0.053,0.478,0.106,0.08,0.106,0.389,0.4,0.6,0.778,0.222,0.558,0.442,0,0,0,0,15,113,74,123,95,15,124,175,157,114,161,24,119,66,144,42,1
2024-25,1610612743,DEN,Denver Nuggets,0022400148,2024-11-02T00:00:00,DEN vs. UTA,W,48.0,0.677,0.323,0.496,0.078,0.372,0.217,0.132,0.302,0.419,0.563,0.438,0.938,0.063,0.688,0.313,0,0,0,0,15,19,168,77,51,81,17,142,3,89,75,108,34,152,52,134,1
2024-25,1610612750,MIN,Minnesota Timberwolves,0022400146,2024-11-02T00:00:00,MIN @ SAS,L,48.0,0.549,0.451,0.544,0.097,0.32,0.175,0.136,0.136,0.447,0.393,0.607,0.909,0.091,0.538,0.462,0,0,0,0,15,127,59,46,31,117,51,138,124,69,165,21,47,132,152,33,1
2024-25,1610612760,OKC,Oklahoma City Thunder,0022400150,2024-11-02T00:00:00,OKC @ LAC,W,48.0,0.536,0.464,0.381,0.095,0.457,0.133,0.162,0.219,0.286,0.65,0.35,0.75,0.25,0.694,0.306,0,0,0,0,15,136,51,165,34,24,91,94,25,174,35,151,126,47,45,140,1
2024-25,1610612739,CLE,Cleveland Cavaliers,0022400145,2024-11-02T00:00:00,CLE @ MIL,W,48.0,0.582,0.418,0.509,0.07,0.395,0.114,0.096,0.132,0.439,0.586,0.414,0.933,0.067,0.705,0.295,0,0,0,0,15,92,94,70,65,58,114,162,131,75,61,125,36,145,43,144,1
2024-25,1610612745,HOU,Houston Rockets,0022400144,2024-11-02T00:00:00,HOU vs. GSW,L,53.0,0.579,0.421,0.479,0.033,0.372,0.14,0.149,0.149,0.446,0.414,0.586,1.0,0.0,0.614,0.386,0,0,0,0,1,97,90,93,139,82,81,117,107,71,154,31,1,160,108,79,1
2024-25,1610612766,CHA,Charlotte Hornets,0022400141,2024-11-02T00:00:00,CHA vs. BOS,L,48.0,0.538,0.462,0.447,0.058,0.495,0.184,0.058,0.184,0.388,0.391,0.609,0.882,0.118,0.6,0.4,0,0,0,0,15,133,53,120,89,12,38,178,62,118,167,19,67,119,117,69,1
2024-25,1610612746,LAC,LA Clippers,0022400150,2024-11-02T00:00:00,LAC vs. OKC,L,48.0,0.557,0.443,0.457,0.043,0.359,0.261,0.185,0.152,0.413,0.619,0.381,0.909,0.091,0.719,0.281,0,0,0,0,15,118,69,113,115,91,5,62,101,92,46,141,47,132,31,154,1
2024-25,1610612764,WAS,Washington Wizards,0022400147,2024-11-02T00:00:00,WAS @ MIA,L,48.0,0.615,0.385,0.633,0.041,0.214,0.357,0.153,0.204,0.592,0.516,0.484,1.0,0.0,0.605,0.395,0,0,0,0,15,65,121,12,119,174,1,107,35,8,113,73,1,160,115,72,1
2024-25,1610612763,MEM,Memphis Grizzlies,0022400142,2024-11-02T00:00:00,MEM @ PHI,W,48.0,0.69,0.31,0.581,0.016,0.29,0.218,0.129,0.226,0.565,0.639,0.361,1.0,0.0,0.729,0.271,0,0,0,0,15,11,176,31,176,137,16,145,22,11,37,150,1,160,27,160,1
2024-25,1610612755,PHI,Philadelphia 76ers,0022400142,2024-11-02T00:00:00,PHI vs. MEM,L,48.0,0.483,0.517,0.318,0.0,0.533,0.14,0.15,0.131,0.318,0.412,0.588,0.789,0.211,0.611,0.389,0,0,0,0,15,168,19,182,178,3,84,114,132,167,157,30,108,75,111,76,1
2024-25,1610612756,PHX,Phoenix Suns,0022400149,2024-11-02T00:00:00,PHX vs. POR,W,48.0,0.441,0.559,0.35,0.117,0.495,0.146,0.155,0.068,0.233,0.722,0.278,0.941,0.059,0.829,0.171,0,0,0,0,15,182,5,180,21,12,76,100,178,183,14,173,31,154,3,183,1
2024-25,1610612748,MIA,Miami Heat,0022400147,2024-11-02T00:00:00,MIA @ WAS,W,48.0,0.637,0.363,0.475,0.068,0.381,0.102,0.144,0.076,0.407,0.25,0.75,0.8,0.2,0.442,0.558,0,0,0,0,15,41,146,96,70,69,130,125,174,97,184,3,100,80,182,5,1
2024-25,1610612758,SAC,Sacramento Kings,0022400143,2024-11-02T00:00:00,SAC @ TOR,L,53.0,0.6,0.4,0.563,0.141,0.234,0.133,0.203,0.195,0.422,0.361,0.639,0.8,0.2,0.457,0.543,0,0,0,0,1,76,108,40,9,165,92,40,50,87,177,10,100,80,181,6,1
2024-25,1610612759,SAS,San Antonio Spurs,0022400146,2024-11-02T00:00:00,SAS vs. MIN,W,48.0,0.494,0.506,0.531,0.071,0.345,0.018,0.124,0.159,0.46,0.733,0.267,0.769,0.231,0.744,0.256,0,0,0,0,15,161,25,58,64,96,185,151,92,53,13,174,122,62,21,166,1
2024-25,1610612757,POR,Portland Trail Blazers,0022400149,2024-11-02T00:00:00,POR @ PHX,L,48.0,0.613,0.387,0.474,0.062,0.433,0.175,0.093,0.144,0.412,0.261,0.739,0.786,0.214,0.459,0.541,0,0,0,0,15,67,119,97,78,32,50,165,112,93,183,4,113,69,180,7,1
2024-25,1610612762,UTA,Utah Jazz,0022400148,2024-11-02T00:00:00,UTA @ DEN,L,48.0,0.455,0.545,0.369,0.0,0.379,0.117,0.252,0.165,0.369,0.579,0.421,1.0,0.0,0.75,0.25,0,0,0,0,15,180,7,174,178,71,112,10,86,139,65,122,1,160,17,167,1
2024-25,1610612758,SAC,Sacramento Kings,0022400135,2024-11-01T00:00:00,SAC @ ATL,W,48.0,0.629,0.371,0.52,0.114,0.268,0.106,0.211,0.146,0.407,0.531,0.469,1.0,0.0,0.651,0.349,0,0,0,0,15,48,139,61,22,150,125,31,111,98,99,87,1,160,79,107,1
2024-25,1610612750,MIN,Minnesota Timberwolves,0022400139,2024-11-01T00:00:00,MIN vs. DEN,W,48.0,0.494,0.506,0.42,0.034,0.454,0.084,0.126,0.185,0.387,0.76,0.24,0.833,0.167,0.791,0.209,0,0,0,0,15,161,25,139,137,26,153,148,60,120,9,177,86,95,11,176,1
2024-25,1610612761,TOR,Toronto Raptors,0022400137,2024-11-01T00:00:00,TOR vs. LAL,L,48.0,0.673,0.327,0.672,0.128,0.24,0.2,0.088,0.072,0.544,0.595,0.405,1.0,0.0,0.673,0.327,0,0,0,0,15,20,167,5,13,160,23,169,177,21,54,133,1,160,65,122,1
2024-25,1610612740,NOP,New Orleans Pelicans,0022400138,2024-11-01T00:00:00,NOP vs. IND,W,48.0,0.693,0.307,0.592,0.096,0.288,0.192,0.12,0.168,0.496,0.486,0.514,0.833,0.167,0.571,0.429,0,0,0,0,15,8,179,24,33,139,29,154,80,40,123,63,86,95,136,49,1
2024-25,1610612739,CLE,Cleveland Cavaliers,0022400133,2024-11-01T00:00:00,CLE vs. ORL,W,48.0,0.563,0.437,0.483,0.1,0.375,0.167,0.142,0.192,0.383,0.483,0.517,0.733,0.267,0.568,0.432,0,0,0,0,15,110,76,91,29,77,58,128,54,126,125,61,142,44,140,47,1
2024-25,1610612765,DET,Detroit Pistons,0022400134,2024-11-01T00:00:00,DET vs. NYK,L,48.0,0.58,0.42,0.612,0.102,0.337,0.163,0.051,0.122,0.51,0.433,0.567,0.909,0.091,0.561,0.439,0,0,0,0,15,96,91,16,25,107,63,183,142,34,148,38,47,132,143,44,1
2024-25,1610612754,IND,Indiana Pacers,0022400138,2024-11-01T00:00:00,IND @ NOP,L,48.0,0.573,0.427,0.508,0.051,0.407,0.195,0.085,0.102,0.458,0.667,0.333,0.938,0.063,0.761,0.239,0,0,0,0,15,102,85,71,102,49,24,173,162,57,25,158,34,152,15,172,1
2024-25,1610612753,ORL,Orlando Magic,0022400133,2024-11-01T00:00:00,ORL @ CLE,L,48.0,0.633,0.367,0.55,0.037,0.303,0.193,0.147,0.156,0.514,0.533,0.467,0.909,0.091,0.634,0.366,0,0,0,0,15,45,142,43,125,124,27,122,99,31,98,89,47,132,92,94,1
2024-25,1610612741,CHI,Chicago Bulls,0022400136,2024-11-01T00:00:00,CHI @ BKN,L,48.0,0.5,0.5,0.375,0.018,0.455,0.089,0.17,0.125,0.357,0.476,0.524,0.824,0.176,0.632,0.368,0,0,0,0,15,158,27,171,167,25,143,86,138,147,135,50,93,92,95,89,1
2024-25,1610612747,LAL,Los Angeles Lakers,0022400137,2024-11-01T00:00:00,LAL @ TOR,W,48.0,0.636,0.364,0.473,0.031,0.252,0.122,0.275,0.115,0.443,0.613,0.387,0.909,0.091,0.69,0.31,0,0,0,0,15,42,144,98,154,156,107,4,148,73,47,137,47,132,50,136,1
2024-25,1610612757,POR,Portland Trail Blazers,0022400140,2024-11-01T00:00:00,POR vs. OKC,L,48.0,0.578,0.422,0.421,0.035,0.395,0.114,0.184,0.149,0.386,0.625,0.375,0.8,0.2,0.692,0.308,0,0,0,0,15,98,89,137,131,58,114,64,106,122,42,142,100,80,49,138,1
2024-25,1610612751,BKN,Brooklyn Nets,0022400136,2024-11-01T00:00:00,BKN vs. CHI,W,48.0,0.617,0.383,0.633,0.083,0.275,0.158,0.092,0.108,0.55,0.658,0.342,0.818,0.182,0.694,0.306,0,0,0,0,15,64,123,11,47,146,66,166,153,15,30,156,96,90,48,139,1
2024-25,1610612766,CHA,Charlotte Hornets,0022400132,2024-11-01T00:00:00,CHA vs. BOS,L,48.0,0.473,0.527,0.422,0.018,0.523,0.055,0.055,0.11,0.404,0.304,0.696,0.684,0.316,0.476,0.524,0,0,0,0,15,170,17,136,164,6,173,181,150,101,182,5,160,27,175,12,1
2024-25,1610612752,NYK,New York Knicks,0022400134,2024-11-01T00:00:00,NYK @ DET,W,48.0,0.624,0.376,0.531,0.094,0.422,0.18,0.047,0.234,0.438,0.529,0.471,0.722,0.278,0.596,0.404,0,0,0,0,15,53,134,57,38,43,45,184,17,77,101,85,147,40,119,68,1
2024-25,1610612760,OKC,Oklahoma City Thunder,0022400140,2024-11-01T00:00:00,OKC @ POR,W,48.0,0.484,0.516,0.467,0.117,0.416,0.131,0.117,0.197,0.35,0.5,0.5,0.789,0.211,0.608,0.392,0,0,0,0,15,166,21,104,20,46,95,158,46,150,116,65,108,75,113,74,1
2024-25,1610612743,DEN,Denver Nuggets,0022400139,2024-11-01T00:00:00,DEN @ MIN,L,48.0,0.652,0.348,0.517,0.086,0.284,0.19,0.198,0.172,0.431,0.767,0.233,0.636,0.364,0.732,0.268,0,0,0,0,15,29,158,66,44,141,31,44,74,83,8,179,170,16,24,162,1
2024-25,1610612737,ATL,Atlanta Hawks,0022400135,2024-11-01T00:00:00,ATL vs. SAC,L,48.0,0.457,0.543,0.383,0.052,0.496,0.087,0.122,0.174,0.33,0.682,0.318,0.789,0.211,0.732,0.268,0,0,0,0,15,179,8,164,100,11,149,153,72,164,22,165,108,75,24,162,1
2024-25,1610612738,BOS,Boston Celtics,0022400132,2024-11-01T00:00:00,BOS @ CHA,W,48.0,0.512,0.488,0.452,0.0,0.315,0.169,0.234,0.194,0.452,0.393,0.607,0.769,0.231,0.512,0.488,0,0,0,0,15,150,37,117,178,119,55,19,52,64,165,21,122,62,166,21,1
2024-25,1610612756,PHX,Phoenix Suns,0022400131,2024-10-31T00:00:00,PHX @ LAC,W,48.0,0.524,0.476,0.384,0.032,0.432,0.168,0.184,0.2,0.352,0.542,0.458,0.889,0.111,0.69,0.31,0,0,0,0,15,143,44,162,147,34,56,65,37,149,91,94,61,121,50,136,1
2024-25,1610612742,DAL,Dallas Mavericks,0022400129,2024-10-31T00:00:00,DAL vs. HOU,L,48.0,0.647,0.353,0.569,0.137,0.294,0.127,0.137,0.157,0.431,0.517,0.483,0.6,0.4,0.538,0.462,0,0,0,0,15,32,155,37,10,132,99,136,98,82,110,75,180,6,152,33,1
2024-25,1610612762,UTA,Utah Jazz,0022400130,2024-10-31T00:00:00,UTA vs. SAS,L,48.0,0.61,0.39,0.568,0.023,0.239,0.114,0.193,0.08,0.545,0.52,0.48,0.857,0.143,0.594,0.406,0,0,0,0,15,71,116,38,156,162,117,51,172,19,108,78,75,107,124,63,1
2024-25,1610612745,HOU,Houston Rockets,0022400129,2024-10-31T00:00:00,HOU @ DAL,W,48.0,0.649,0.351,0.593,0.056,0.222,0.167,0.185,0.194,0.537,0.469,0.531,0.75,0.25,0.525,0.475,0,0,0,0,15,31,156,22,93,170,58,60,51,24,138,49,126,47,157,27,1
2024-25,1610612746,LAC,LA Clippers,0022400131,2024-10-31T00:00:00,LAC vs. PHX,L,48.0,0.624,0.376,0.555,0.05,0.303,0.134,0.143,0.16,0.504,0.576,0.424,0.667,0.333,0.6,0.4,0,0,0,0,15,54,132,42,103,127,90,126,91,37,68,118,161,22,117,69,1
2024-25,1610612749,MIL,Milwaukee Bucks,0022400128,2024-10-31T00:00:00,MIL @ MEM,L,48.0,0.563,0.438,0.646,0.061,0.273,0.273,0.081,0.313,0.586,0.375,0.625,0.889,0.111,0.488,0.512,0,0,0,0,15,112,75,9,83,147,3,174,2,9,171,14,61,121,171,16,1
2024-25,1610612763,MEM,Memphis Grizzlies,0022400128,2024-10-31T00:00:00,MEM vs. MIL,W,48.0,0.659,0.341,0.574,0.016,0.197,0.164,0.23,0.115,0.557,0.543,0.457,0.875,0.125,0.605,0.395,0,0,0,0,15,27,160,34,174,181,61,22,146,13,88,97,69,114,116,71,1
2024-25,1610612759,SAS,San Antonio Spurs,0022400130,2024-10-31T00:00:00,SAS @ UTA,W,48.0,0.533,0.467,0.491,0.038,0.34,0.226,0.17,0.33,0.453,0.577,0.423,0.833,0.167,0.658,0.342,0,0,0,0,15,137,50,84,123,104,12,85,1,61,66,120,86,95,74,111,1
2024-25,1610612766,CHA,Charlotte Hornets,0022400117,2024-10-30T00:00:00,CHA vs. TOR,W,48.0,0.521,0.479,0.42,0.072,0.435,0.101,0.145,0.21,0.348,0.414,0.586,0.95,0.05,0.633,0.367,0,0,0,0,15,144,43,138,63,31,131,123,32,151,154,31,29,157,94,93,1
2024-25,1610612759,SAS,San Antonio Spurs,0022400125,2024-10-30T00:00:00,SAS @ OKC,L,48.0,0.576,0.424,0.495,0.043,0.387,0.151,0.118,0.183,0.452,0.522,0.478,0.833,0.167,0.629,0.371,0,0,0,0,15,101,86,80,116,64,74,156,66,64,105,80,86,95,99,87,1
2024-25,1610612737,ATL,Atlanta Hawks,0022400121,2024-10-30T00:00:00,ATL @ WAS,L,48.0,0.589,0.411,0.55,0.0,0.3,0.1,0.15,0.183,0.55,0.576,0.424,0.75,0.25,0.622,0.378,0,0,0,0,15,85,101,44,178,128,132,113,65,15,68,118,126,47,104,83,1
2024-25,1610612765,DET,Detroit Pistons,0022400120,2024-10-30T00:00:00,DET @ PHI,W,48.0,0.538,0.462,0.4,0.019,0.429,0.219,0.171,0.143,0.381,0.524,0.476,0.8,0.2,0.639,0.361,0,0,0,0,15,133,53,153,161,37,14,82,116,130,104,83,100,80,89,96,1
2024-25,1610612741,CHI,Chicago Bulls,0022400123,2024-10-30T00:00:00,CHI vs. ORL,W,48.0,0.595,0.405,0.451,0.059,0.382,0.176,0.167,0.127,0.392,0.609,0.391,0.692,0.308,0.639,0.361,0,0,0,0,15,82,105,118,88,67,48,91,135,113,51,136,153,31,89,96,1
2024-25,1610612751,BKN,Brooklyn Nets,0022400124,2024-10-30T00:00:00,BKN @ MEM,W,48.0,0.488,0.513,0.437,0.05,0.378,0.109,0.185,0.261,0.387,0.5,0.5,0.933,0.067,0.659,0.341,0,0,0,0,15,165,22,126,103,75,121,61,8,120,116,65,36,145,72,114,1
2024-25,1610612754,IND,Indiana Pacers,0022400119,2024-10-30T00:00:00,IND vs. BOS,W,53.0,0.635,0.365,0.519,0.059,0.333,0.215,0.148,0.148,0.459,0.543,0.457,0.933,0.067,0.66,0.34,0,0,0,0,1,44,143,64,86,110,18,119,109,54,88,97,36,145,71,116,1
2024-25,1610612739,CLE,Cleveland Cavaliers,0022400118,2024-10-30T00:00:00,CLE vs. LAL,W,48.0,0.577,0.423,0.582,0.075,0.381,0.194,0.037,0.231,0.507,0.59,0.41,0.824,0.176,0.661,0.339,0,0,0,0,15,100,87,28,58,70,25,186,19,36,58,129,93,92,70,117,1
2024-25,1610612764,WAS,Washington Wizards,0022400121,2024-10-30T00:00:00,WAS vs. ATL,W,48.0,0.568,0.432,0.466,0.045,0.361,0.188,0.173,0.15,0.421,0.613,0.387,0.813,0.188,0.681,0.319,0,0,0,0,15,106,81,105,112,90,32,79,105,88,47,137,98,88,59,128,1
2024-25,1610612760,OKC,Oklahoma City Thunder,0022400125,2024-10-30T00:00:00,OKC vs. SAS,W,48.0,0.539,0.461,0.457,0.0,0.486,0.276,0.057,0.257,0.457,0.458,0.542,1.0,0.0,0.683,0.317,0,0,0,0,15,131,55,111,178,14,2,179,9,58,141,46,1,160,56,129,1
2024-25,1610612746,LAC,LA Clippers,0022400127,2024-10-30T00:00:00,LAC vs. POR,L,48.0,0.6,0.4,0.533,0.038,0.371,0.21,0.095,0.2,0.495,0.571,0.429,0.769,0.231,0.634,0.366,0,0,0,0,15,76,108,53,121,83,20,163,37,42,70,116,122,62,92,94,1
2024-25,1610612763,MEM,Memphis Grizzlies,0022400124,2024-10-30T00:00:00,MEM vs. BKN,L,48.0,0.667,0.333,0.566,0.019,0.226,0.104,0.208,0.17,0.547,0.667,0.333,0.875,0.125,0.711,0.289,0,0,0,0,15,23,164,39,162,168,127,35,77,18,25,158,69,114,40,147,1
2024-25,1610612761,TOR,Toronto Raptors,0022400117,2024-10-30T00:00:00,TOR @ CHA,L,48.0,0.692,0.308,0.647,0.045,0.203,0.203,0.15,0.165,0.602,0.651,0.349,1.0,0.0,0.712,0.288,0,0,0,0,15,9,177,8,112,180,22,111,83,5,34,153,1,160,38,149,1
2024-25,1610612753,ORL,Orlando Magic,0022400123,2024-10-30T00:00:00,ORL @ CHI,L,48.0,0.465,0.535,0.485,0.101,0.333,0.182,0.182,0.152,0.384,0.625,0.375,0.909,0.091,0.714,0.286,0,0,0,0,15,175,12,89,27,110,41,68,102,125,42,142,47,132,36,150,1
2024-25,1610612738,BOS,Boston Celtics,0022400119,2024-10-30T00:00:00,BOS @ IND,L,53.0,0.477,0.523,0.379,0.045,0.432,0.159,0.189,0.136,0.333,0.36,0.64,0.737,0.263,0.523,0.477,0,0,0,0,1,169,18,168,111,35,65,55,123,161,178,9,141,46,162,25,1
2024-25,1610612755,PHI,Philadelphia 76ers,0022400120,2024-10-30T00:00:00,PHI vs. DET,L,48.0,0.646,0.354,0.526,0.063,0.253,0.158,0.221,0.242,0.463,0.4,0.6,0.875,0.125,0.515,0.485,0,0,0,0,15,34,153,59,75,154,67,25,13,51,161,24,69,114,164,23,1
2024-25,1610612740,NOP,New Orleans Pelicans,0022400126,2024-10-30T00:00:00,NOP @ GSW,L,48.0,0.6,0.4,0.494,0.112,0.371,0.09,0.135,0.135,0.382,0.636,0.364,0.909,0.091,0.727,0.273,0,0,0,0,15,76,108,81,23,85,142,139,126,127,38,147,47,132,28,159,1
2024-25,1610612748,MIA,Miami Heat,0022400122,2024-10-30T00:00:00,MIA vs. NYK,L,48.0,0.506,0.494,0.374,0.019,0.477,0.047,0.15,0.037,0.355,0.55,0.45,0.941,0.059,0.73,0.27,0,0,0,0,15,153,33,172,163,16,178,114,184,148,86,100,31,154,26,161,1
2024-25,1610612752,NYK,New York Knicks,0022400122,2024-10-30T00:00:00,NYK @ MIA,W,48.0,0.512,0.488,0.379,0.017,0.466,0.06,0.155,0.095,0.362,0.636,0.364,0.889,0.111,0.75,0.25,0,0,0,0,15,149,38,166,171,21,169,102,164,143,38,147,61,121,17,167,1
2024-25,1610612757,POR,Portland Trail Blazers,0022400127,2024-10-30T00:00:00,POR @ LAC,W,48.0,0.641,0.359,0.509,0.057,0.396,0.113,0.094,0.17,0.453,0.37,0.63,0.643,0.357,0.463,0.537,0,0,0,0,15,37,150,69,91,57,118,164,77,61,174,13,168,18,179,8,1
2024-25,1610612744,GSW,Golden State Warriors,0022400126,2024-10-30T00:00:00,GSW vs. NOP,W,48.0,0.563,0.437,0.538,0.0,0.375,0.096,0.087,0.135,0.538,0.786,0.214,0.769,0.231,0.78,0.22,0,0,0,0,15,110,76,49,178,77,136,172,127,23,4,182,122,62,12,175,1
2024-25,1610612747,LAL,Los Angeles Lakers,0022400118,2024-10-30T00:00:00,LAL @ CLE,L,48.0,0.636,0.364,0.582,0.073,0.164,0.236,0.255,0.109,0.509,0.563,0.438,0.5,0.5,0.553,0.447,0,0,0,0,15,42,144,29,62,182,8,9,152,35,75,108,185,1,147,38,1
2024-25,1610612743,DEN,Denver Nuggets,0022400113,2024-10-29T00:00:00,DEN @ BKN,W,53.0,0.697,0.303,0.458,0.069,0.271,0.097,0.271,0.076,0.389,0.606,0.394,0.846,0.154,0.674,0.326,0,0,0,0,1,6,181,110,69,148,135,6,173,116,52,135,82,102,63,123,1
2024-25,1610612762,UTA,Utah Jazz,0022400115,2024-10-29T00:00:00,UTA vs. SAC,L,48.0,0.461,0.539,0.438,0.042,0.438,0.104,0.125,0.135,0.396,0.476,0.524,1.0,0.0,0.686,0.314,0,0,0,0,15,176,11,124,118,30,126,150,125,111,135,50,1,160,55,132,1
2024-25,1610612750,MIN,Minnesota Timberwolves,0022400114,2024-10-29T00:00:00,MIN vs. DAL,L,48.0,0.494,0.506,0.351,0.018,0.5,0.088,0.149,0.044,0.333,0.9,0.1,0.789,0.211,0.846,0.154,0,0,0,0,15,163,24,179,169,10,146,116,183,161,1,186,108,75,1,186,1
2024-25,1610612744,GSW,Golden State Warriors,0022400116,2024-10-29T00:00:00,GSW vs. NOP,W,48.0,0.526,0.474,0.403,0.032,0.508,0.177,0.089,0.274,0.371,0.56,0.44,0.952,0.048,0.739,0.261,0,0,0,0,15,142,45,152,142,9,47,168,5,136,80,105,28,159,23,164,1
2024-25,1610612751,BKN,Brooklyn Nets,0022400113,2024-10-29T00:00:00,BKN vs. DEN,L,53.0,0.458,0.542,0.417,0.029,0.432,0.065,0.151,0.022,0.388,0.69,0.31,0.85,0.15,0.755,0.245,0,0,0,0,1,178,9,142,155,36,165,110,185,117,19,167,81,106,16,171,1
2024-25,1610612758,SAC,Sacramento Kings,0022400115,2024-10-29T00:00:00,SAC @ UTA,W,48.0,0.663,0.337,0.708,0.195,0.212,0.088,0.08,0.212,0.513,0.45,0.55,1.0,0.0,0.542,0.458,0,0,0,0,15,24,163,2,2,176,145,175,29,33,144,43,1,160,151,36,1
2024-25,1610612742,DAL,Dallas Mavericks,0022400114,2024-10-29T00:00:00,DAL @ MIN,W,48.0,0.581,0.419,0.483,0.05,0.4,0.167,0.117,0.208,0.433,0.483,0.517,0.688,0.313,0.556,0.444,0,0,0,0,15,95,92,91,105,53,58,159,34,80,125,61,158,28,146,41,1
2024-25,1610612740,NOP,New Orleans Pelicans,0022400116,2024-10-29T00:00:00,NOP @ GSW,L,48.0,0.703,0.297,0.585,0.094,0.255,0.057,0.16,0.047,0.491,0.452,0.548,1.0,0.0,0.575,0.425,0,0,0,0,15,4,183,26,35,153,172,96,182,44,142,44,1,160,134,53,1
2024-25,1610612743,DEN,Denver Nuggets,0022400107,2024-10-28T00:00:00,DEN @ TOR,W,53.0,0.792,0.208,0.598,0.063,0.213,0.142,0.189,0.157,0.535,0.526,0.474,1.0,0.0,0.617,0.383,0,0,0,0,1,1,186,20,76,175,78,56,96,26,103,84,1,160,107,80,1
2024-25,1610612765,DET,Detroit Pistons,0022400105,2024-10-28T00:00:00,DET @ MIA,L,48.0,0.582,0.418,0.429,0.061,0.429,0.173,0.143,0.133,0.367,0.19,0.81,0.714,0.286,0.4,0.6,0,0,0,0,15,92,94,133,79,37,52,126,128,140,186,1,148,36,185,2,1
2024-25,1610612737,ATL,Atlanta Hawks,0022400103,2024-10-28T00:00:00,ATL vs. WAS,L,48.0,0.506,0.494,0.403,0.034,0.378,0.185,0.218,0.185,0.37,0.792,0.208,0.867,0.133,0.821,0.179,0,0,0,0,15,153,33,151,137,75,37,28,60,138,3,184,74,113,8,179,1
2024-25,1610612761,TOR,Toronto Raptors,0022400107,2024-10-28T00:00:00,TOR vs. DEN,L,53.0,0.679,0.321,0.624,0.032,0.24,0.16,0.136,0.176,0.592,0.538,0.462,0.9,0.1,0.612,0.388,0,0,0,0,1,16,171,14,147,160,64,137,70,7,95,90,56,127,110,77,1
2024-25,1610612742,DAL,Dallas Mavericks,0022400110,2024-10-28T00:00:00,DAL vs. UTA,W,48.0,0.589,0.411,0.582,0.036,0.3,0.182,0.118,0.082,0.545,0.594,0.406,0.727,0.273,0.628,0.372,0,0,0,0,15,85,101,29,127,128,41,157,171,19,55,132,144,41,101,84,1
2024-25,1610612741,CHI,Chicago Bulls,0022400108,2024-10-28T00:00:00,CHI @ MEM,W,48.0,0.47,0.53,0.317,0.032,0.595,0.087,0.087,0.159,0.286,0.65,0.35,0.92,0.08,0.8,0.2,0,0,0,0,15,171,16,183,150,2,148,170,93,174,35,151,46,141,9,178,1
2024-25,1610612757,POR,Portland Trail Blazers,0022400112,2024-10-28T00:00:00,POR @ SAC,L,48.0,0.735,0.265,0.633,0.102,0.122,0.041,0.245,0.204,0.531,0.452,0.548,0.75,0.25,0.486,0.514,0,0,0,0,15,3,184,12,25,185,179,13,35,28,142,44,126,47,173,13,1
2024-25,1610612749,MIL,Milwaukee Bucks,0022400104,2024-10-28T00:00:00,MIL @ BOS,L,48.0,0.622,0.378,0.537,0.13,0.222,0.093,0.241,0.176,0.407,0.414,0.586,0.75,0.25,0.486,0.514,0,0,0,0,15,57,130,51,12,170,140,15,71,96,154,31,126,47,172,15,1
2024-25,1610612754,IND,Indiana Pacers,0022400102,2024-10-28T00:00:00,IND @ ORL,L,48.0,0.67,0.33,0.487,0.07,0.339,0.07,0.174,0.148,0.417,0.571,0.429,0.692,0.308,0.61,0.39,0,0,0,0,15,21,165,88,67,106,160,77,110,90,70,116,153,31,112,75,1
2024-25,1610612763,MEM,Memphis Grizzlies,0022400108,2024-10-28T00:00:00,MEM vs. CHI,L,48.0,0.613,0.387,0.602,0.033,0.341,0.187,0.057,0.065,0.569,0.703,0.297,0.786,0.214,0.725,0.275,0,0,0,0,15,67,119,19,141,100,34,180,179,10,16,171,113,69,29,158,1
2024-25,1610612748,MIA,Miami Heat,0022400105,2024-10-28T00:00:00,MIA vs. DET,W,48.0,0.466,0.534,0.434,0.038,0.425,0.17,0.142,0.198,0.396,0.435,0.565,0.933,0.067,0.632,0.368,0,0,0,0,15,174,13,129,123,41,54,131,43,109,146,40,36,145,95,89,1
2024-25,1610612756,PHX,Phoenix Suns,0022400111,2024-10-28T00:00:00,PHX vs. LAL,W,48.0,0.586,0.414,0.532,0.147,0.303,0.193,0.165,0.183,0.385,0.379,0.621,0.909,0.091,0.525,0.475,0,0,0,0,15,88,99,55,8,124,27,92,64,123,170,17,47,132,157,27,1
2024-25,1610612759,SAS,San Antonio Spurs,0022400109,2024-10-28T00:00:00,SAS vs. HOU,L,48.0,0.621,0.379,0.535,0.0,0.297,0.04,0.168,0.188,0.535,0.63,0.37,0.5,0.5,0.595,0.405,0,0,0,0,15,59,128,52,178,130,181,88,57,27,41,146,185,1,121,64,1
2024-25,1610612762,UTA,Utah Jazz,0022400110,2024-10-28T00:00:00,UTA @ DAL,L,48.0,0.62,0.38,0.471,0.02,0.294,0.225,0.235,0.196,0.451,0.625,0.375,0.9,0.1,0.706,0.294,0,0,0,0,15,60,127,101,158,132,13,17,48,67,42,142,56,127,42,145,1
2024-25,1610612739,CLE,Cleveland Cavaliers,0022400106,2024-10-28T00:00:00,CLE @ NYK,W,48.0,0.561,0.439,0.491,0.018,0.327,0.155,0.182,0.127,0.473,0.407,0.593,0.833,0.167,0.538,0.462,0,0,0,0,15,115,72,83,165,115,71,68,137,50,158,28,86,95,152,33,1
2024-25,1610612752,NYK,New York Knicks,0022400106,2024-10-28T00:00:00,NYK vs. CLE,L,48.0,0.689,0.311,0.596,0.077,0.26,0.096,0.144,0.125,0.519,0.419,0.581,1.0,0.0,0.55,0.45,0,0,0,0,15,12,175,21,52,152,136,124,138,30,153,34,1,160,150,37,1
2024-25,1610612747,LAL,Los Angeles Lakers,0022400111,2024-10-28T00:00:00,LAL @ PHX,L,48.0,0.66,0.34,0.476,0.076,0.4,0.076,0.124,0.124,0.4,0.56,0.44,0.786,0.214,0.641,0.359,0,0,0,0,15,25,162,94,55,53,157,152,141,106,80,105,113,69,86,99,1
2024-25,1610612738,BOS,Boston Celtics,0022400104,2024-10-28T00:00:00,BOS vs. MIL,W,48.0,0.46,0.54,0.42,0.084,0.454,0.218,0.126,0.168,0.336,0.48,0.52,0.667,0.333,0.558,0.442,0,0,0,0,15,177,10,139,46,26,15,148,79,158,127,57,161,22,144,42,1
2024-25,1610612758,SAC,Sacramento Kings,0022400112,2024-10-28T00:00:00,SAC vs. POR,W,48.0,0.568,0.432,0.414,0.162,0.378,0.099,0.207,0.162,0.252,0.478,0.522,1.0,0.0,0.676,0.324,0,0,0,0,15,107,80,144,6,74,133,37,89,182,131,53,1,160,60,125,1
2024-25,1610612745,HOU,Houston Rockets,0022400109,2024-10-28T00:00:00,HOU @ SAS,W,48.0,0.565,0.435,0.377,0.094,0.425,0.094,0.198,0.198,0.283,0.5,0.5,0.667,0.333,0.571,0.429,0,0,0,0,15,108,79,169,35,41,139,46,43,177,116,65,161,22,136,49,1
2024-25,1610612753,ORL,Orlando Magic,0022400102,2024-10-28T00:00:00,ORL vs. IND,W,48.0,0.506,0.494,0.437,0.101,0.328,0.059,0.235,0.084,0.336,0.577,0.423,0.846,0.154,0.667,0.333,0,0,0,0,15,155,32,126,28,114,170,17,169,158,66,120,82,102,66,118,1
2024-25,1610612764,WAS,Washington Wizards,0022400103,2024-10-28T00:00:00,WAS @ ATL,W,48.0,0.516,0.484,0.331,0.066,0.521,0.14,0.149,0.132,0.264,0.5,0.5,0.667,0.333,0.585,0.415,0,0,0,0,15,146,41,181,72,7,81,117,130,181,116,65,161,22,128,58,1
2024-25,1610612744,GSW,Golden State Warriors,0022400101,2024-10-27T00:00:00,GSW vs. LAC,L,48.0,0.511,0.489,0.462,0.096,0.404,0.183,0.135,0.192,0.365,0.375,0.625,0.714,0.286,0.5,0.5,0,0,0,0,15,151,36,109,32,51,39,140,53,141,171,14,148,36,167,17,1
2024-25,1610612754,IND,Indiana Pacers,0022400097,2024-10-27T00:00:00,IND vs. PHI,L,53.0,0.619,0.381,0.456,0.053,0.342,0.088,0.202,0.167,0.404,0.654,0.346,0.846,0.154,0.718,0.282,0,0,0,0,1,61,126,114,98,99,146,41,82,103,32,155,82,102,34,152,1
2024-25,1610612755,PHI,Philadelphia 76ers,0022400097,2024-10-27T00:00:00,PHI @ IND,W,53.0,0.571,0.429,0.525,0.034,0.28,0.136,0.195,0.263,0.492,0.226,0.774,0.727,0.273,0.357,0.643,0,0,0,0,1,103,84,60,136,143,88,49,6,43,185,2,144,41,186,1,1
2024-25,1610612737,ATL,Atlanta Hawks,0022400100,2024-10-27T00:00:00,ATL @ OKC,L,48.0,0.659,0.341,0.5,0.019,0.288,0.087,0.212,0.144,0.481,0.538,0.462,1.0,0.0,0.667,0.333,0,0,0,0,15,26,161,74,160,138,150,30,113,47,95,90,1,160,66,118,1
2024-25,1610612757,POR,Portland Trail Blazers,0022400099,2024-10-27T00:00:00,POR vs. NOP,W,48.0,0.624,0.376,0.464,0.032,0.336,0.152,0.2,0.168,0.432,0.517,0.483,0.714,0.286,0.581,0.419,0,0,0,0,15,54,132,108,147,108,73,42,80,81,110,75,148,36,131,56,1
2024-25,1610612740,NOP,New Orleans Pelicans,0022400099,2024-10-27T00:00:00,NOP @ POR,L,48.0,0.67,0.33,0.583,0.136,0.233,0.126,0.184,0.233,0.447,0.567,0.433,0.875,0.125,0.632,0.368,0,0,0,0,15,21,165,27,11,166,101,63,18,69,72,115,69,114,95,89,1
2024-25,1610612760,OKC,Oklahoma City Thunder,0022400100,2024-10-27T00:00:00,OKC vs. ATL,W,48.0,0.551,0.449,0.438,0.031,0.375,0.055,0.188,0.219,0.406,0.5,0.5,0.75,0.25,0.591,0.409,0,0,0,0,15,126,61,124,152,77,175,57,26,100,116,65,126,47,125,62,1
2024-25,1610612751,BKN,Brooklyn Nets,0022400098,2024-10-27T00:00:00,BKN vs. MIL,W,48.0,0.505,0.495,0.4,0.07,0.417,0.113,0.183,0.183,0.33,0.478,0.522,0.75,0.25,0.59,0.41,0,0,0,0,15,156,30,153,67,45,120,66,67,164,131,53,126,47,126,60,1
2024-25,1610612749,MIL,Milwaukee Bucks,0022400098,2024-10-27T00:00:00,MIL @ BKN,L,48.0,0.554,0.446,0.451,0.118,0.294,0.069,0.255,0.127,0.333,0.478,0.522,0.9,0.1,0.606,0.394,0,0,0,0,15,124,63,118,18,132,161,8,135,161,131,53,56,127,114,73,1
2024-25,1610612746,LAC,LA Clippers,0022400101,2024-10-27T00:00:00,LAC @ GSW,W,48.0,0.644,0.356,0.571,0.036,0.268,0.107,0.161,0.188,0.536,0.563,0.438,0.9,0.1,0.643,0.357,0,0,0,0,15,35,152,35,130,151,123,95,58,25,75,108,56,127,83,102,1
2024-25,1610612758,SAC,Sacramento Kings,0022400096,2024-10-26T00:00:00,SAC @ LAL,L,48.0,0.5,0.5,0.472,0.016,0.354,0.244,0.173,0.197,0.457,0.7,0.3,0.733,0.267,0.711,0.289,0,0,0,0,15,158,27,99,177,94,6,78,47,59,17,170,142,44,39,148,1
2024-25,1610612742,DAL,Dallas Mavericks,0022400095,2024-10-26T00:00:00,DAL @ PHX,L,48.0,0.559,0.441,0.471,0.098,0.382,0.039,0.147,0.108,0.373,0.542,0.458,0.692,0.308,0.595,0.405,0,0,0,0,15,116,70,101,30,67,182,120,154,135,91,94,153,31,121,64,1
2024-25,1610612759,SAS,San Antonio Spurs,0022400094,2024-10-26T00:00:00,SAS vs. HOU,W,48.0,0.747,0.253,0.569,0.073,0.22,0.083,0.211,0.101,0.495,0.581,0.419,0.625,0.375,0.59,0.41,0,0,0,0,15,2,185,36,60,172,155,32,163,41,64,123,172,13,126,60,1
2024-25,1610612745,HOU,Houston Rockets,0022400094,2024-10-26T00:00:00,HOU @ SAS,L,48.0,0.554,0.446,0.472,0.075,0.368,0.123,0.16,0.16,0.396,0.52,0.48,0.615,0.385,0.553,0.447,0,0,0,0,15,121,66,100,56,88,104,96,90,109,108,78,176,9,147,38,1
2024-25,1610612741,CHI,Chicago Bulls,0022400091,2024-10-26T00:00:00,CHI vs. OKC,L,48.0,0.424,0.576,0.358,0.042,0.474,0.211,0.168,0.105,0.316,0.529,0.471,0.933,0.067,0.719,0.281,0,0,0,0,15,183,4,177,117,18,19,87,158,169,101,85,36,145,31,154,1
2024-25,1610612756,PHX,Phoenix Suns,0022400095,2024-10-26T00:00:00,PHX vs. DAL,W,48.0,0.513,0.488,0.386,0.088,0.368,0.158,0.246,0.061,0.298,0.636,0.364,0.857,0.143,0.722,0.278,0,0,0,0,15,148,39,161,42,86,67,12,180,172,38,147,75,107,30,157,1
2024-25,1610612766,CHA,Charlotte Hornets,0022400088,2024-10-26T00:00:00,CHA vs. MIA,L,48.0,0.539,0.461,0.491,0.057,0.368,0.123,0.142,0.104,0.434,0.462,0.538,0.615,0.385,0.513,0.487,0,0,0,0,15,131,55,84,91,88,104,131,161,79,140,47,176,9,165,22,1
2024-25,1610612738,BOS,Boston Celtics,0022400089,2024-10-26T00:00:00,BOS @ DET,W,48.0,0.467,0.533,0.258,0.032,0.532,0.04,0.21,0.121,0.226,0.313,0.688,0.636,0.364,0.5,0.5,0,0,0,0,15,173,14,186,142,4,180,33,143,185,180,6,170,16,167,17,1
2024-25,1610612753,ORL,Orlando Magic,0022400092,2024-10-26T00:00:00,ORL @ MEM,L,48.0,0.448,0.552,0.36,0.054,0.459,0.072,0.18,0.153,0.306,0.35,0.65,0.824,0.176,0.568,0.432,0,0,0,0,15,181,6,175,94,23,159,70,100,170,179,8,93,92,141,46,1
2024-25,1610612764,WAS,Washington Wizards,0022400090,2024-10-26T00:00:00,WAS vs. CLE,L,48.0,0.552,0.448,0.379,0.034,0.388,0.103,0.233,0.129,0.345,0.591,0.409,0.8,0.2,0.676,0.324,0,0,0,0,15,125,62,166,132,61,128,20,133,154,57,130,100,80,60,125,2
2024-25,1610612743,DEN,Denver Nuggets,0022400087,2024-10-26T00:00:00,DEN vs. LAC,L,48.0,0.598,0.402,0.404,0.077,0.404,0.087,0.192,0.221,0.327,0.429,0.571,0.786,0.214,0.571,0.429,0,0,0,0,15,80,107,150,52,51,150,52,23,166,150,36,113,69,136,49,1
2024-25,1610612750,MIN,Minnesota Timberwolves,0022400093,2024-10-26T00:00:00,MIN vs. TOR,W,48.0,0.554,0.446,0.446,0.018,0.375,0.188,0.179,0.241,0.429,0.68,0.32,0.857,0.143,0.744,0.256,0,0,0,0,15,122,64,121,167,77,33,71,15,84,23,164,75,107,22,165,1
2024-25,1610612739,CLE,Cleveland Cavaliers,0022400090,2024-10-26T00:00:00,CLE @ WAS,W,48.0,0.557,0.443,0.43,0.059,0.4,0.17,0.17,0.141,0.37,0.552,0.448,0.611,0.389,0.574,0.426,0,0,0,0,15,119,67,132,86,53,53,84,120,137,83,102,179,8,135,52,2
2024-25,1610612747,LAL,Los Angeles Lakers,0022400096,2024-10-26T00:00:00,LAL vs. SAC,W,48.0,0.63,0.37,0.519,0.061,0.321,0.122,0.16,0.107,0.458,0.588,0.412,0.857,0.143,0.667,0.333,0,0,0,0,15,46,140,63,81,116,107,98,156,56,59,127,75,107,66,118,1
2024-25,1610612765,DET,Detroit Pistons,0022400089,2024-10-26T00:00:00,DET vs. BOS,L,48.0,0.557,0.443,0.492,0.017,0.356,0.178,0.153,0.093,0.475,0.552,0.448,0.786,0.214,0.628,0.372,0,0,0,0,15,119,67,82,173,93,46,108,166,49,83,102,113,69,101,84,1
2024-25,1610612746,LAC,LA Clippers,0022400087,2024-10-26T00:00:00,LAC @ DEN,W,48.0,0.598,0.402,0.514,0.037,0.33,0.083,0.156,0.11,0.477,0.75,0.25,0.75,0.25,0.75,0.25,0,0,0,0,15,81,106,67,125,112,155,99,150,48,12,175,126,47,17,167,1
2024-25,1610612760,OKC,Oklahoma City Thunder,0022400091,2024-10-26T00:00:00,OKC @ CHI,W,48.0,0.626,0.374,0.649,0.088,0.211,0.14,0.14,0.184,0.561,0.405,0.595,0.75,0.25,0.467,0.533,0,0,0,0,15,51,136,7,42,178,83,133,63,12,160,27,126,47,176,11,1
2024-25,1610612748,MIA,Miami Heat,0022400088,2024-10-26T00:00:00,MIA @ CHA,W,48.0,0.605,0.395,0.456,0.053,0.368,0.158,0.175,0.211,0.404,0.769,0.231,0.929,0.071,0.825,0.175,0,0,0,0,15,73,112,114,98,86,67,74,31,103,6,180,43,143,6,180,1
2024-25,1610612763,MEM,Memphis Grizzlies,0022400092,2024-10-26T00:00:00,MEM vs. ORL,W,48.0,0.605,0.395,0.532,0.032,0.315,0.194,0.153,0.242,0.5,0.758,0.242,1.0,0.0,0.826,0.174,0,0,0,0,15,73,112,54,142,119,26,104,14,38,11,176,1,160,5,182,1
2024-25,1610612761,TOR,Toronto Raptors,0022400093,2024-10-26T00:00:00,TOR @ MIN,L,48.0,0.678,0.322,0.614,0.059,0.297,0.238,0.089,0.198,0.554,0.613,0.387,1.0,0.0,0.707,0.293,0,0,0,0,15,18,169,15,85,130,7,167,45,14,47,137,1,160,41,146,1
2024-25,1610612751,BKN,Brooklyn Nets,0022400077,2024-10-25T00:00:00,BKN @ ORL,L,48.0,0.554,0.446,0.416,0.079,0.416,0.05,0.168,0.149,0.337,0.476,0.524,0.857,0.143,0.629,0.371,0,0,0,0,15,122,64,143,49,47,176,88,108,156,135,50,75,107,99,87,1
2024-25,1610612763,MEM,Memphis Grizzlies,0022400082,2024-10-25T00:00:00,MEM @ HOU,L,48.0,0.692,0.308,0.519,0.074,0.278,0.065,0.204,0.12,0.444,0.5,0.5,1.0,0.0,0.632,0.368,0,0,0,0,15,9,177,64,59,144,164,39,145,72,116,65,1,160,95,89,1
2024-25,1610612745,HOU,Houston Rockets,0022400082,2024-10-25T00:00:00,HOU vs. MEM,W,48.0,0.561,0.439,0.406,0.031,0.398,0.148,0.195,0.227,0.375,0.385,0.615,0.588,0.412,0.465,0.535,0,0,0,0,15,114,73,149,152,56,75,48,21,134,169,18,182,5,177,9,1
2024-25,1610612749,MIL,Milwaukee Bucks,0022400083,2024-10-25T00:00:00,MIL vs. CHI,L,48.0,0.57,0.43,0.541,0.18,0.32,0.098,0.139,0.115,0.361,0.364,0.636,0.923,0.077,0.522,0.478,0,0,0,0,15,104,83,48,3,118,134,134,146,145,175,11,45,142,163,24,1
2024-25,1610612752,NYK,New York Knicks,0022400081,2024-10-25T00:00:00,NYK vs. IND,W,48.0,0.679,0.321,0.52,0.081,0.293,0.114,0.187,0.236,0.439,0.313,0.688,0.75,0.25,0.432,0.568,0,0,0,0,15,17,170,61,48,136,116,58,16,74,180,6,126,47,184,3,1
2024-25,1610612762,UTA,Utah Jazz,0022400084,2024-10-25T00:00:00,UTA vs. GSW,L,48.0,0.543,0.457,0.465,0.07,0.314,0.0,0.221,0.151,0.395,0.5,0.5,0.889,0.111,0.621,0.379,0,0,0,0,15,129,58,107,66,121,186,26,103,112,116,65,61,121,105,82,1
2024-25,1610612747,LAL,Los Angeles Lakers,0022400085,2024-10-25T00:00:00,LAL vs. PHX,W,48.0,0.64,0.36,0.423,0.016,0.341,0.228,0.236,0.211,0.407,0.769,0.231,0.929,0.071,0.825,0.175,0,0,0,0,15,38,149,135,175,100,11,16,30,98,6,180,43,143,6,180,1
2024-25,1610612753,ORL,Orlando Magic,0022400077,2024-10-25T00:00:00,ORL vs. BKN,W,48.0,0.6,0.4,0.414,0.034,0.388,0.086,0.198,0.216,0.379,0.583,0.417,0.933,0.067,0.718,0.282,0,0,0,0,15,76,108,146,132,61,152,44,27,131,63,124,36,145,34,152,1
2024-25,1610612761,TOR,Toronto Raptors,0022400078,2024-10-25T00:00:00,TOR vs. PHI,W,48.0,0.697,0.303,0.504,0.017,0.157,0.157,0.339,0.165,0.487,0.69,0.31,0.833,0.167,0.714,0.286,0,0,0,0,15,5,182,72,170,183,70,2,84,45,19,167,86,95,36,150,1
2024-25,1610612766,CHA,Charlotte Hornets,0022400079,2024-10-25T00:00:00,CHA @ ATL,L,48.0,0.469,0.531,0.267,0.0,0.525,0.058,0.208,0.158,0.267,0.563,0.438,0.619,0.381,0.595,0.405,0,0,0,0,15,172,15,185,178,5,171,34,94,180,75,108,175,12,121,64,1
2024-25,1610612755,PHI,Philadelphia 76ers,0022400078,2024-10-25T00:00:00,PHI @ TOR,L,48.0,0.618,0.382,0.374,0.093,0.252,0.065,0.374,0.262,0.28,0.6,0.4,0.778,0.222,0.655,0.345,0,0,0,0,15,63,124,172,39,155,163,1,7,178,53,134,119,66,77,110,1
2024-25,1610612756,PHX,Phoenix Suns,0022400085,2024-10-25T00:00:00,PHX @ LAL,L,48.0,0.549,0.451,0.431,0.034,0.44,0.181,0.129,0.164,0.397,0.76,0.24,0.941,0.059,0.833,0.167,0,0,0,0,15,127,59,131,132,28,43,144,87,108,9,177,31,154,2,185,1
2024-25,1610612744,GSW,Golden State Warriors,0022400084,2024-10-25T00:00:00,GSW @ UTA,W,48.0,0.528,0.472,0.488,0.063,0.472,0.102,0.039,0.228,0.425,0.516,0.484,0.95,0.05,0.686,0.314,0,0,0,0,15,140,47,87,76,20,129,185,20,85,113,73,29,157,54,133,1
2024-25,1610612757,POR,Portland Trail Blazers,0022400086,2024-10-25T00:00:00,POR vs. NOP,L,48.0,0.589,0.411,0.466,0.058,0.379,0.117,0.155,0.087,0.408,0.542,0.458,1.0,0.0,0.703,0.297,0,0,0,0,15,87,100,106,89,71,112,100,167,95,91,94,1,160,44,143,1
2024-25,1610612740,NOP,New Orleans Pelicans,0022400086,2024-10-25T00:00:00,NOP @ POR,W,48.0,0.628,0.372,0.457,0.171,0.343,0.143,0.2,0.2,0.286,0.667,0.333,0.75,0.25,0.694,0.306,0,0,0,0,15,49,138,111,4,98,77,42,37,174,25,158,126,47,45,140,1
2024-25,1610612765,DET,Detroit Pistons,0022400080,2024-10-25T00:00:00,DET @ CLE,L,48.0,0.605,0.395,0.495,0.158,0.386,0.139,0.119,0.248,0.337,0.48,0.52,1.0,0.0,0.658,0.342,0,0,0,0,15,72,115,79,7,66,86,155,11,156,127,57,1,160,74,111,1
2024-25,1610612741,CHI,Chicago Bulls,0022400083,2024-10-25T00:00:00,CHI @ MIL,W,48.0,0.51,0.49,0.376,0.165,0.474,0.128,0.15,0.18,0.211,0.48,0.52,0.857,0.143,0.652,0.348,0,0,0,0,15,152,35,170,5,18,98,111,68,186,127,57,75,107,78,109,1
2024-25,1610612737,ATL,Atlanta Hawks,0022400079,2024-10-25T00:00:00,ATL vs. CHA,W,48.0,0.531,0.469,0.4,0.064,0.336,0.168,0.264,0.144,0.336,0.56,0.44,0.786,0.214,0.641,0.359,0,0,0,0,15,139,48,153,74,108,56,7,114,160,80,105,113,69,86,99,1
2024-25,1610612754,IND,Indiana Pacers,0022400081,2024-10-25T00:00:00,IND @ NYK,L,48.0,0.639,0.361,0.776,0.061,0.092,0.133,0.133,0.133,0.714,0.658,0.342,1.0,0.0,0.683,0.317,0,0,0,0,15,40,147,1,79,186,94,141,128,1,30,156,1,160,56,129,1
2024-25,1610612739,CLE,Cleveland Cavaliers,0022400080,2024-10-25T00:00:00,CLE vs. DET,W,48.0,0.585,0.415,0.513,0.124,0.345,0.133,0.142,0.283,0.389,0.586,0.414,0.846,0.154,0.667,0.333,0,0,0,0,15,89,97,68,15,96,93,130,4,114,61,125,82,102,66,118,1
2024-25,1610612743,DEN,Denver Nuggets,0022400075,2024-10-24T00:00:00,DEN vs. OKC,L,48.0,0.612,0.388,0.644,0.046,0.241,0.138,0.115,0.138,0.598,0.786,0.214,1.0,0.0,0.829,0.171,0,0,0,0,15,69,118,10,110,159,87,160,121,6,4,182,1,160,3,183,1
2024-25,1610612760,OKC,Oklahoma City Thunder,0022400075,2024-10-24T00:00:00,OKC @ DEN,W,48.0,0.644,0.356,0.686,0.078,0.235,0.186,0.078,0.108,0.608,0.514,0.486,0.625,0.375,0.535,0.465,0,0,0,0,15,36,151,3,50,163,35,177,154,4,115,72,172,13,155,32,1
2024-25,1610612758,SAC,Sacramento Kings,0022400076,2024-10-24T00:00:00,SAC vs. MIN,L,48.0,0.646,0.354,0.47,0.122,0.287,0.139,0.243,0.209,0.348,0.407,0.593,0.909,0.091,0.553,0.447,0,0,0,0,15,33,154,103,16,140,85,14,33,151,158,28,47,132,147,38,1
2024-25,1610612764,WAS,Washington Wizards,0022400073,2024-10-24T00:00:00,WAS vs. BOS,L,48.0,0.621,0.379,0.667,0.02,0.206,0.265,0.127,0.137,0.647,0.676,0.324,0.571,0.429,0.659,0.341,0,0,0,0,15,58,129,6,158,179,4,147,122,3,24,163,183,4,72,114,1
2024-25,1610612738,BOS,Boston Celtics,0022400073,2024-10-24T00:00:00,BOS @ WAS,W,48.0,0.5,0.5,0.41,0.033,0.418,0.18,0.172,0.213,0.377,0.4,0.6,0.647,0.353,0.5,0.5,0,0,0,0,15,158,27,148,140,44,44,81,28,133,161,24,166,20,167,17,1
2024-25,1610612742,DAL,Dallas Mavericks,0022400074,2024-10-24T00:00:00,DAL vs. SAS,W,48.0,0.569,0.431,0.383,0.067,0.475,0.192,0.142,0.158,0.317,0.522,0.478,0.789,0.211,0.643,0.357,0,0,0,0,15,105,82,163,71,17,30,128,94,168,105,80,108,75,83,102,2
2024-25,1610612759,SAS,San Antonio Spurs,0022400074,2024-10-24T00:00:00,SAS @ DAL,L,48.0,0.581,0.419,0.495,0.092,0.33,0.119,0.174,0.083,0.404,0.667,0.333,1.0,0.0,0.769,0.231,0,0,0,0,15,94,93,78,40,112,110,75,170,101,25,158,1,160,13,174,2
2024-25,1610612750,MIN,Minnesota Timberwolves,0022400076,2024-10-24T00:00:00,MIN @ SAC,W,48.0,0.419,0.581,0.359,0.085,0.513,0.034,0.128,0.094,0.274,0.429,0.571,0.75,0.25,0.585,0.415,0,0,0,0,15,184,3,176,45,8,184,146,165,179,150,36,126,47,128,58,1
2024-25,1610612757,POR,Portland Trail Blazers,0022400072,2024-10-23T00:00:00,POR vs. GSW,L,48.0,0.63,0.37,0.538,0.077,0.231,0.048,0.231,0.125,0.462,0.464,0.536,1.0,0.0,0.583,0.417,0,0,0,0,15,46,140,49,52,167,177,21,138,52,139,48,1,160,130,57,1
2024-25,1610612741,CHI,Chicago Bulls,0022400069,2024-10-23T00:00:00,CHI @ NOP,L,48.0,0.605,0.395,0.577,0.036,0.27,0.135,0.153,0.072,0.541,0.531,0.469,0.9,0.1,0.619,0.381,0,0,0,0,15,73,112,32,129,149,89,105,176,22,99,87,56,127,106,81,1
2024-25,1610612756,PHX,Phoenix Suns,0022400071,2024-10-23T00:00:00,PHX @ LAC,W,53.0,0.513,0.487,0.397,0.034,0.388,0.129,0.216,0.198,0.362,0.565,0.435,0.8,0.2,0.658,0.342,0,0,0,0,1,147,40,157,132,61,97,29,42,143,73,113,100,80,74,111,1
2024-25,1610612749,MIL,Milwaukee Bucks,0022400066,2024-10-23T00:00:00,MIL @ PHI,W,48.0,0.538,0.463,0.435,0.032,0.387,0.065,0.177,0.121,0.403,0.593,0.407,0.688,0.313,0.628,0.372,0,0,0,0,15,135,52,128,142,64,166,72,143,105,56,131,158,28,101,84,1
2024-25,1610612744,GSW,Golden State Warriors,0022400072,2024-10-23T00:00:00,GSW @ POR,W,48.0,0.484,0.516,0.4,0.0,0.429,0.229,0.171,0.157,0.4,0.821,0.179,0.75,0.25,0.792,0.208,0,0,0,0,15,167,20,153,178,37,10,82,97,106,2,185,126,47,10,177,1
2024-25,1610612765,DET,Detroit Pistons,0022400063,2024-10-23T00:00:00,DET vs. IND,L,48.0,0.625,0.375,0.532,0.073,0.248,0.092,0.22,0.128,0.459,0.517,0.483,0.778,0.222,0.579,0.421,0,0,0,0,15,52,135,55,60,157,141,27,134,55,110,75,119,66,133,54,1
2024-25,1610612755,PHI,Philadelphia 76ers,0022400066,2024-10-23T00:00:00,PHI vs. MIL,L,48.0,0.684,0.316,0.606,0.092,0.22,0.055,0.174,0.165,0.514,0.394,0.606,0.625,0.375,0.439,0.561,0,0,0,0,15,15,172,17,40,172,173,75,85,31,164,23,172,13,183,4,1
2024-25,1610612754,IND,Indiana Pacers,0022400063,2024-10-23T00:00:00,IND @ DET,W,48.0,0.627,0.373,0.574,0.122,0.235,0.13,0.191,0.104,0.452,0.697,0.303,1.0,0.0,0.762,0.238,0,0,0,0,15,50,137,33,16,164,96,53,160,63,18,169,1,160,14,173,1
2024-25,1610612763,MEM,Memphis Grizzlies,0022400070,2024-10-23T00:00:00,MEM @ UTA,W,48.0,0.505,0.495,0.413,0.048,0.405,0.127,0.183,0.19,0.365,0.423,0.577,1.0,0.0,0.651,0.349,0,0,0,0,15,156,30,147,108,50,100,67,55,142,152,35,1,160,79,107,1
2024-25,1610612748,MIA,Miami Heat,0022400065,2024-10-23T00:00:00,MIA vs. ORL,L,48.0,0.585,0.415,0.433,0.021,0.34,0.186,0.227,0.196,0.412,0.714,0.286,0.818,0.182,0.75,0.25,0,0,0,0,15,89,97,130,157,103,36,23,49,93,15,172,96,90,17,167,1
2024-25,1610612762,UTA,Utah Jazz,0022400070,2024-10-23T00:00:00,UTA vs. MEM,L,48.0,0.694,0.306,0.484,0.032,0.242,0.089,0.274,0.105,0.452,0.433,0.567,0.8,0.2,0.525,0.475,0,0,0,0,15,7,180,90,142,158,144,5,159,64,148,38,100,80,157,27,1
2024-25,1610612740,NOP,New Orleans Pelicans,0022400069,2024-10-23T00:00:00,NOP vs. CHI,W,48.0,0.619,0.381,0.504,0.049,0.341,0.236,0.154,0.244,0.455,0.613,0.387,0.714,0.286,0.644,0.356,0,0,0,0,15,62,125,73,107,100,9,103,12,60,47,137,148,36,82,105,1
2024-25,1610612739,CLE,Cleveland Cavaliers,0022400067,2024-10-23T00:00:00,CLE @ TOR,W,48.0,0.655,0.345,0.544,0.044,0.309,0.118,0.147,0.221,0.5,0.541,0.459,0.643,0.357,0.569,0.431,0,0,0,0,15,28,159,45,114,123,111,120,24,38,94,93,168,18,139,48,1
2024-25,1610612745,HOU,Houston Rockets,0022400068,2024-10-23T00:00:00,HOU vs. CHA,L,48.0,0.583,0.417,0.476,0.038,0.371,0.124,0.152,0.248,0.438,0.44,0.56,0.615,0.385,0.5,0.5,0,0,0,0,15,91,96,94,121,83,103,109,10,76,145,42,176,9,167,17,1
2024-25,1610612746,LAC,LA Clippers,0022400071,2024-10-23T00:00:00,LAC vs. PHX,L,53.0,0.685,0.315,0.602,0.053,0.212,0.142,0.186,0.142,0.549,0.588,0.412,0.875,0.125,0.643,0.357,0,0,0,0,1,13,174,18,95,176,79,59,118,17,59,127,69,114,83,102,1
2024-25,1610612753,ORL,Orlando Magic,0022400065,2024-10-23T00:00:00,ORL @ MIA,W,48.0,0.49,0.51,0.397,0.017,0.466,0.164,0.138,0.112,0.379,0.522,0.478,0.889,0.111,0.683,0.317,0,0,0,0,15,164,23,157,171,21,62,135,149,131,105,80,61,121,56,129,1
2024-25,1610612737,ATL,Atlanta Hawks,0022400064,2024-10-23T00:00:00,ATL vs. BKN,W,48.0,0.65,0.35,0.5,0.05,0.225,0.125,0.275,0.142,0.45,0.667,0.333,0.556,0.444,0.641,0.359,0,0,0,0,15,30,157,74,105,169,102,3,117,68,25,158,184,3,86,99,1
2024-25,1610612761,TOR,Toronto Raptors,0022400067,2024-10-23T00:00:00,TOR vs. CLE,L,48.0,0.64,0.36,0.453,0.094,0.34,0.123,0.208,0.151,0.358,0.625,0.375,0.833,0.167,0.694,0.306,0,0,0,0,15,39,148,116,35,104,104,35,104,146,42,142,86,95,45,140,1
2024-25,1610612751,BKN,Brooklyn Nets,0022400064,2024-10-23T00:00:00,BKN @ ATL,L,48.0,0.527,0.473,0.397,0.052,0.44,0.121,0.164,0.172,0.345,0.435,0.565,0.647,0.353,0.525,0.475,0,0,0,0,15,141,46,157,101,28,109,93,74,154,146,40,166,20,157,27,1
2024-25,1610612766,CHA,Charlotte Hornets,0022400068,2024-10-23T00:00:00,CHA @ HOU,W,48.0,0.541,0.459,0.418,0.036,0.409,0.073,0.173,0.073,0.382,0.478,0.522,0.6,0.4,0.526,0.474,0,0,0,0,15,130,57,141,127,48,158,80,175,128,131,53,180,6,156,31,1
2024-25,1610612752,NYK,New York Knicks,0022400061,2024-10-22T00:00:00,NYK @ BOS,L,48.0,0.615,0.385,0.587,0.202,0.303,0.037,0.11,0.018,0.385,0.375,0.625,0.727,0.273,0.465,0.535,0,0,0,0,15,65,121,25,1,124,183,161,186,123,171,14,144,41,177,9,1
2024-25,1610612738,BOS,Boston Celtics,0022400061,2024-10-22T00:00:00,BOS vs. NYK,W,48.0,0.358,0.642,0.288,0.061,0.659,0.083,0.053,0.144,0.227,0.684,0.316,0.69,0.31,0.688,0.313,0,0,0,0,15,186,1,184,83,1,154,182,115,184,21,166,157,30,52,134,1
2024-25,1610612747,LAL,Los Angeles Lakers,0022400062,2024-10-22T00:00:00,LAL vs. MIN,W,48.0,0.684,0.316,0.673,0.018,0.136,0.155,0.191,0.173,0.655,0.486,0.514,0.8,0.2,0.524,0.476,0,0,0,0,15,14,173,4,165,184,71,54,73,2,123,63,100,80,161,26,1
2024-25,1610612750,MIN,Minnesota Timberwolves,0022400062,2024-10-22T00:00:00,MIN @ LAL,L,48.0,0.518,0.482,0.427,0.039,0.379,0.068,0.194,0.058,0.388,0.364,0.636,0.692,0.308,0.486,0.514,0,0,0,0,15,145,42,134,120,71,162,50,181,118,175,11,153,31,173,13,1
